Player,Year,player_age,hit,k_percent,batting_avg,slg_percent,on_base_percent,b_walkoff,avg_swing_speed,fast_swing_rate,avg_swing_length,rel_league_reaction_distance,rel_league_burst_distance,rel_league_routing_distance,rel_league_bootup_distance,f_bootup_distance,n_bolts,hp_to_1b,sprint_speed,Team,Playoffs_y_n
Victor Martinez,2018,39,117.0,9.6,0.251,0.353,0.297,0.0,,,,,,,,,0.0,4.87,23.2,DET,n
Joe Mauer,2018,35,137.0,15.8,0.282,0.379,0.351,0.0,,,,,,,,,0.0,4.57,26.0,MIN,n
Yadier Molina,2018,35,120.0,13.1,0.261,0.436,0.314,1.0,,,,,,,,,0.0,4.91,22.9,STL,n
Adam Jones,2018,32,163.0,15.2,0.281,0.419,0.313,1.0,,,,-0.8,-2.9,0.2,-3.5,29.7,0.0,4.53,26.7,BAL,n
Ian Kinsler,2018,36,117.0,12.0,0.24,0.38,0.301,0.0,,,,,,,,,0.0,4.53,26.6,LAA,n
Ian Desmond,2018,32,131.0,23.6,0.246,0.422,0.316,1.5,,,,0.2,1.4,0.8,2.4,34.0,2.0,4.36,28.1,COL,y
Nelson Cruz,2018,37,133.0,20.6,0.256,0.509,0.342,0.0,,,,,,,,,0.0,4.73,24.9,SEA,n
David Peralta,2018,30,164.0,20.2,0.293,0.516,0.352,1.0,,,,0.0,-0.6,0.1,-0.5,32.6,0.0,4.35,27.2,ARI,n
Alcides Escobar,2018,31,112.0,13.9,0.231,0.313,0.279,2.0,,,,,,,,,0.0,4.33,27.5,KCR,n
Jon Jay,2018,33,141.0,16.2,0.268,0.347,0.33,0.0,,,,0.3,-0.6,0.3,0.0,33.5,0.0,4.5,26.0,KCR,n
Evan Longoria,2018,32,117.0,19.7,0.244,0.412,0.281,0.0,,,,,,,,,0.0,4.46,27.0,SFG,n
Chris Davis,2018,32,79.0,36.8,0.168,0.296,0.243,0.0,,,,,,,,,0.0,4.65,25.5,BAL,n
Ben Zobrist,2018,37,139.0,11.5,0.315,0.44,0.387,1.5,,,,2.3,-0.1,-1.0,1.1,34.4,0.0,4.36,26.7,CHC,y
Charlie Blackmon,2018,31,182.0,19.3,0.301,0.502,0.367,1.5,,,,-1.6,-1.0,0.4,-2.1,31.5,4.0,4.27,27.6,COL,y
Nick Markakis,2018,34,92.5,11.3,0.307,0.44,0.375,1.5,,,,0.4,-0.5,-0.2,-0.2,32.4,0.0,4.4,26.4,ATL,y
Lorenzo Cain,2018,32,166.0,15.2,0.318,0.417,0.404,0.0,,,,1.0,1.3,-0.3,2.0,35.8,18.0,4.18,28.6,MIL,y
Andrew McCutchen,2018,31,145.0,21.3,0.255,0.424,0.368,2.0,,,,-1.8,-0.5,1.2,-1.1,31.5,13.0,4.32,28.7,SFG,n
Justin Upton,2018,30,137.0,28.7,0.257,0.463,0.344,1.0,,,,-1.2,-0.3,0.9,-0.6,31.5,2.0,4.37,27.8,LAA,n
Joey Votto,2018,34,143.0,16.2,0.284,0.419,0.417,0.0,,,,,,,,,0.0,4.72,25.3,CIN,n
Brett Gardner,2018,34,125.0,17.6,0.246,0.368,0.331,0.0,,,,0.0,0.2,0.3,0.5,34.2,34.0,4.02,29.1,NYY,y
Alex Gordon,2018,34,124.0,21.8,0.245,0.37,0.324,0.0,,,,-0.7,-0.7,0.6,-0.8,31.9,0.0,4.57,25.5,KCR,n
Matt Kemp,2018,33,134.0,22.7,0.3,0.481,0.347,1.5,,,,-1.3,-1.6,0.2,-2.8,30.3,0.0,4.53,26.2,LAD,y
Carlos Santana,2018,32,128.0,13.7,0.229,0.414,0.352,0.0,,,,,,,,,0.0,4.48,26.0,PHI,n
Yonder Alonso,2018,31,129.0,21.4,0.26,0.421,0.326,0.0,,,,,,,,,0.0,4.95,23.3,CLE,y
Justin Smoak,2018,31,122.0,26.3,0.242,0.457,0.35,2.0,,,,,,,,,0.0,4.91,23.8,TOR,n
Jed Lowrie,2018,34,159.0,18.8,0.277,0.448,0.362,0.0,,,,,,,,,0.0,4.45,26.7,OAK,y
Michael Brantley,2018,31,176.0,9.5,0.319,0.468,0.373,3.0,,,,-1.0,-1.4,0.4,-2.1,30.3,0.0,4.6,26.1,CLE,y
Yuli Gurriel,2018,34,156.0,11.0,0.301,0.428,0.332,1.5,,,,,,,,,1.0,4.32,27.6,HOU,y
Yangervis Solarte,2018,30,106.0,14.2,0.226,0.378,0.277,0.0,,,,,,,,,0.0,4.75,24.7,TOR,n
Miguel Rojas,2018,29,123.0,13.1,0.252,0.346,0.297,1.0,,,,,,,,,0.0,4.47,26.5,MIA,n
Eduardo Escobar,2018,29,154.0,20.0,0.272,0.489,0.334,1.0,,,,,,,,,1.0,4.27,27.8,MIN,n
Khris Davis,2018,30,142.0,26.8,0.257,0.549,0.335,3.0,,,,0.3,-1.8,0.6,-0.9,28.7,0.0,4.77,26.2,OAK,y
Tommy Pham,2018,30,136.0,24.6,0.275,0.464,0.367,0.0,,,,0.1,0.2,-0.4,-0.2,33.3,5.0,4.42,28.6,STL,n
J.D. Martinez,2018,30,188.0,22.5,0.34,0.629,0.411,0.0,,,,-0.4,-1.4,-0.1,-1.9,30.4,0.0,4.45,26.7,BOS,y
Paul Goldschmidt,2018,30,172.0,25.1,0.29,0.533,0.389,0.0,,,,,,,,,0.0,4.47,26.9,ARI,n
Jose Altuve,2018,28,169.0,13.2,0.326,0.451,0.395,0.0,,,,,,,,,52.0,4.13,28.1,HOU,y
Jean Segura,2018,28,178.0,10.9,0.304,0.415,0.341,1.0,,,,,,,,,8.0,4.21,27.9,SEA,n
Starlin Castro,2018,28,165.0,19.2,0.278,0.4,0.329,1.0,,,,,,,,,2.0,4.37,27.4,MIA,n
Starling Marte,2018,29,155.0,18.0,0.277,0.46,0.327,1.0,,,,-0.2,1.1,0.5,1.4,35.4,45.0,4.12,28.6,PIT,n
Derek Dietrich,2018,28,132.0,25.4,0.265,0.421,0.33,0.0,,,,-0.2,-1.9,-0.6,-2.7,29.6,0.0,4.32,26.9,MIA,n
Freddie Freeman,2018,28,95.5,18.7,0.319,0.505,0.397,0.0,,,,,,,,,0.0,4.44,26.7,ATL,y
Yasmani Grandal,2018,29,106.0,23.9,0.251,0.466,0.358,1.5,,,,,,,,,0.0,4.88,24.5,LAD,y
DJ LeMahieu,2018,29,147.0,14.1,0.286,0.428,0.33,1.5,,,,,,,,,0.0,4.45,27.2,COL,y
Mike Moustakas,2018,29,144.0,16.2,0.251,0.459,0.315,0.0,,,,,,,,,0.0,4.6,25.7,KCR,n
Anthony Rizzo,2018,28,160.0,12.0,0.293,0.47,0.385,1.5,,,,,,,,,0.0,4.58,25.6,CHC,y
Giancarlo Stanton,2018,28,164.0,29.9,0.276,0.509,0.352,1.5,,,,-0.8,-0.2,0.7,-0.3,31.9,3.0,4.45,27.8,NYY,y
Freddy Galvis,2018,28,149.0,22.4,0.248,0.38,0.299,1.0,,,,,,,,,0.0,4.34,26.8,SDP,n
Salvador Perez,2018,28,120.0,19.9,0.235,0.439,0.274,2.0,,,,,,,,,0.0,4.82,25.0,KCR,n
Ender Inciarte,2018,27,79.0,13.0,0.275,0.38,0.334,1.5,,,,2.6,1.7,-0.9,3.3,37.2,0.0,4.12,27.8,ATL,y
Marcell Ozuna,2018,27,163.0,17.5,0.28,0.433,0.325,1.0,,,,0.3,-0.5,0.2,0.0,33.3,1.0,4.42,27.8,STL,n
Jonathan Villar,2018,27,121.0,26.8,0.27,0.384,0.334,0.0,,,,,,,,,0.0,4.21,27.6,MIL,y
Brandon Crawford,2018,31,135.0,20.5,0.254,0.394,0.325,2.0,,,,,,,,,0.0,4.42,25.8,SFG,n
C.J. Cron,2018,28,127.0,25.9,0.253,0.493,0.323,0.0,,,,,,,,,0.0,4.58,26.3,TBR,n
Aaron Hicks,2018,28,119.0,19.1,0.258,0.467,0.375,1.5,,,,-1.2,-1.1,0.6,-1.8,32.0,7.0,4.17,28.1,NYY,y
Eric Hosmer,2018,28,155.0,21.0,0.253,0.398,0.322,1.0,,,,,,,,,0.0,4.46,26.3,SDP,n
Jason Kipnis,2018,31,122.0,18.6,0.24,0.389,0.324,1.5,,,,,,,,,0.0,4.38,26.9,CLE,y
Anthony Rendon,2018,28,163.0,13.7,0.308,0.535,0.374,0.0,,,,,,,,,0.0,4.37,27.3,WSN,n
Marcus Semien,2018,27,161.0,18.6,0.265,0.388,0.327,1.5,,,,,,,,,0.0,4.28,28.3,OAK,y
Travis Shaw,2018,28,120.0,18.4,0.251,0.48,0.354,1.5,,,,,,,,,0.0,4.41,26.7,MIL,y
George Springer,2018,28,144.0,19.8,0.275,0.434,0.355,0.0,,,,0.7,0.4,-0.7,0.4,33.6,4.0,4.31,27.7,HOU,y
Didi Gregorius,2018,28,135.0,12.1,0.278,0.494,0.344,0.0,,,,,,,,,0.0,4.24,28.0,NYY,y
Mike Trout,2018,26,147.0,20.4,0.312,0.628,0.46,0.0,,,,-1.9,-0.1,0.8,-1.2,32.7,36.0,4.25,29.2,LAA,n
Bryce Harper,2018,25,137.0,24.3,0.249,0.496,0.393,1.0,,,,-1.0,-1.0,-0.2,-2.2,30.9,2.0,4.34,27.5,WSN,n
Gregory Polanco,2018,26,117.0,21.9,0.254,0.499,0.34,0.0,,,,-0.2,0.8,0.3,0.9,33.7,8.0,4.18,27.9,PIT,n
Nolan Arenado,2018,27,175.0,18.1,0.307,0.561,0.383,0.0,,,,,,,,,0.0,4.57,25.7,COL,y
Tucker Barnhart,2018,27,114.0,18.4,0.248,0.372,0.328,0.0,,,,,,,,,0.0,4.65,25.0,CIN,n
Scooter Gennett,2018,28,181.0,19.6,0.31,0.49,0.357,1.0,,,,,,,,,0.0,4.38,26.4,CIN,n
Billy Hamilton,2018,27,119.0,23.7,0.236,0.327,0.299,1.0,,,,0.6,1.1,0.1,1.7,35.2,93.0,3.94,30.1,CIN,n
Mitch Haniger,2018,27,170.0,21.7,0.285,0.493,0.366,2.0,,,,0.0,-0.5,0.3,-0.2,33.2,0.0,4.38,27.8,SEA,n
Stephen Piscotty,2018,27,146.0,18.8,0.277,0.491,0.34,0.0,,,,-0.7,-0.3,0.6,-0.5,32.4,0.0,4.42,26.7,OAK,y
Kyle Seager,2018,30,129.0,21.9,0.221,0.4,0.273,0.0,,,,,,,,,0.0,4.5,25.9,SEA,n
Matt Carpenter,2018,32,145.0,23.4,0.257,0.523,0.374,1.0,,,,,,,,,0.0,4.4,26.5,STL,n
Corey Dickerson,2018,29,151.0,15.0,0.3,0.474,0.33,1.0,,,,1.2,0.9,0.3,2.4,35.9,0.0,4.22,27.8,PIT,n
Brian Dozier,2018,31,119.0,20.4,0.215,0.391,0.305,2.0,,,,,,,,,0.0,4.44,26.8,MIN,n
Willson Contreras,2018,26,118.0,22.2,0.259,0.39,0.348,0.0,,,,,,,,,0.0,4.32,27.6,CHC,y
Nick Castellanos,2018,26,185.0,22.3,0.298,0.5,0.354,0.0,,,,-0.9,-1.6,-0.1,-2.7,29.4,0.0,4.29,27.8,DET,n
Ryon Healy,2018,26,116.0,21.6,0.235,0.412,0.277,1.0,,,,,,,,,0.0,4.63,26.0,SEA,n
Manny Machado,2018,25,188.0,14.7,0.297,0.538,0.367,0.0,,,,,,,,,0.0,4.62,26.3,BAL,n
J.T. Realmuto,2018,27,132.0,19.7,0.277,0.484,0.34,1.0,,,,,,,,,10.0,4.27,28.6,MIA,n
Eddie Rosario,2018,26,161.0,17.6,0.288,0.479,0.323,1.0,,,,-0.1,0.2,0.4,0.5,33.7,3.0,4.19,28.0,MIN,n
Andrelton Simmons,2018,28,162.0,7.3,0.292,0.417,0.337,0.0,,,,,,,,,0.0,4.48,27.1,LAA,n
Christian Yelich,2018,26,187.0,20.7,0.336,0.598,0.411,1.5,,,,-1.6,-0.5,0.4,-1.7,31.0,39.0,4.18,28.7,MIL,y
Whit Merrifield,2018,29,192.0,16.1,0.304,0.438,0.367,1.0,,,,-1.1,-0.2,0.4,-0.9,32.7,20.0,4.23,29.0,KCR,n
Xander Bogaerts,2018,25,148.0,17.6,0.298,0.522,0.369,1.5,,,,,,,,,3.0,4.23,27.8,BOS,y
Kole Calhoun,2018,30,102.0,24.1,0.208,0.369,0.283,1.0,,,,0.4,-0.5,-0.3,-0.4,32.6,0.0,4.52,26.1,LAA,n
Jurickson Profar,2018,25,133.0,14.8,0.254,0.458,0.335,0.0,,,,,,,,,0.0,4.32,27.6,TEX,n
Francisco Lindor,2018,24,183.0,14.4,0.287,0.519,0.361,1.5,,,,,,,,,3.0,4.21,28.4,CLE,y
Rougned Odor,2018,24,120.0,23.7,0.253,0.424,0.326,0.0,,,,,,,,,10.0,4.14,28.1,TEX,n
Trevor Story,2018,25,174.0,25.6,0.301,0.567,0.357,1.5,,,,,,,,,66.0,4.16,29.6,COL,y
Max Kepler,2018,25,119.0,15.7,0.224,0.408,0.319,1.0,,,,-0.6,0.7,0.7,0.7,33.7,3.0,4.27,27.9,MIN,n
Jackie Bradley Jr.,2018,28,111.0,25.6,0.244,0.403,0.323,0.0,,,,2.9,1.1,-2.3,1.7,35.5,0.0,4.26,27.8,BOS,y
Jeimer Candelario,2018,24,121.0,25.8,0.224,0.393,0.317,2.0,,,,,,,,,0.0,4.41,27.3,DET,n
Nick Ahmed,2018,28,121.0,19.3,0.234,0.411,0.29,0.0,,,,,,,,,1.0,4.35,28.2,ARI,n
Brian Anderson,2018,25,161.0,19.3,0.273,0.4,0.357,1.0,,,,0.0,-0.4,0.3,-0.1,32.8,0.0,4.44,27.1,MIA,n
Josh Bell,2018,25,131.0,17.8,0.261,0.411,0.357,1.0,,,,,,,,,0.0,4.41,27.1,PIT,n
Mookie Betts,2018,25,180.0,14.8,0.356,0.64,0.447,1.5,,,,0.2,0.5,0.2,0.9,34.0,6.0,4.18,28.1,BOS,y
Mallex Smith,2018,25,142.0,18.0,0.296,0.406,0.367,0.0,,,,-0.5,1.3,0.6,1.4,34.4,85.0,4.03,29.8,TBR,n
Ketel Marte,2018,24,135.0,13.6,0.26,0.437,0.332,0.0,,,,,,,,,10.0,4.23,28.7,ARI,n
Brandon Nimmo,2018,25,114.0,26.2,0.263,0.483,0.404,1.0,,,,-0.7,0.8,0.1,0.1,33.1,4.0,4.23,28.5,NYM,n
Trea Turner,2018,25,180.0,17.8,0.271,0.416,0.344,0.0,,,,,,,,,121.0,4.1,30.1,WSN,n
Kevin Pillar,2018,29,129.0,18.1,0.252,0.426,0.282,1.0,,,,-0.3,-0.4,0.7,-0.1,33.6,2.0,4.33,27.8,TOR,n
Alex Bregman,2018,24,170.0,12.1,0.296,0.532,0.403,4.5,,,,,,,,,0.0,4.3,27.8,HOU,y
Joey Gallo,2018,24,103.0,35.9,0.206,0.498,0.312,0.0,,,,1.5,-0.5,-0.6,0.4,32.9,0.0,4.42,27.6,TEX,n
Nomar Mazara,2018,23,126.0,21.6,0.258,0.436,0.317,1.0,,,,-0.5,-1.2,0.3,-1.4,31.2,0.0,4.32,26.8,TEX,n
Miguel Andujar,2018,23,170.0,16.0,0.307,0.527,0.337,1.5,,,,,,,,,2.0,4.31,27.8,NYY,y
Dansby Swanson,2018,24,57.0,22.9,0.248,0.395,0.313,1.5,,,,,,,,,35.0,4.09,29.4,ATL,y
Chris Taylor,2018,27,136.0,29.5,0.264,0.444,0.34,1.5,,,,-0.3,1.0,0.6,1.2,34.5,3.0,4.23,28.6,LAD,y
Joey Wendle,2018,28,146.0,17.6,0.3,0.435,0.354,0.0,,,,-1.1,-0.6,0.5,-1.2,32.3,0.0,4.16,28.3,TBR,n
Matt Olson,2018,24,143.0,24.7,0.257,0.453,0.344,3.0,,,,,,,,,0.0,4.52,25.9,OAK,y
Matt Duffy,2018,27,148.0,16.6,0.294,0.366,0.361,1.0,,,,,,,,,0.0,4.42,27.7,TBR,n
Manuel Margot,2018,23,117.0,17.0,0.245,0.384,0.292,0.0,,,,1.7,1.9,-1.0,2.5,36.3,32.0,4.19,29.4,SDP,n
Johan Camargo,2018,24,63.0,20.6,0.282,0.457,0.358,1.5,,,,,,,,,0.0,4.44,26.3,ATL,y
Michael Conforto,2018,25,132.0,24.9,0.243,0.448,0.35,0.0,,,,1.6,-0.1,-1.2,0.2,33.8,0.0,4.35,27.8,NYM,n
Tim Anderson,2018,25,136.0,24.6,0.24,0.406,0.281,0.0,,,,,,,,,31.0,4.2,28.8,CHW,n
Cody Bellinger,2018,22,145.0,23.9,0.27,0.47,0.352,0.0,,,,0.7,1.6,0.0,2.2,36.5,34.0,4.02,28.8,LAD,y
Trey Mancini,2018,26,141.0,24.1,0.242,0.416,0.299,0.0,,,,0.4,-1.9,-1.1,-2.7,30.2,0.0,4.51,27.0,BAL,n
Amed Rosario,2018,22,142.0,20.1,0.256,0.381,0.295,0.0,,,,,,,,,55.0,4.15,29.4,NYM,n
Andrew Benintendi,2018,23,168.0,16.0,0.3,0.465,0.375,1.5,,,,-1.2,-0.7,0.8,-1.2,31.1,1.0,4.22,27.7,BOS,y
Ozzie Albies,2018,21,83.5,17.0,0.271,0.452,0.314,1.5,,,,,,,,,22.0,4.07,28.7,ATL,y
Matt Chapman,2018,25,152.0,23.7,0.288,0.508,0.365,1.5,,,,,,,,,6.0,4.37,28.3,OAK,y
Rhys Hoskins,2018,25,137.0,22.7,0.246,0.496,0.354,0.0,,,,1.0,-3.1,-1.6,-3.7,29.1,0.0,4.56,26.3,PHI,n
Kyle Schwarber,2018,25,102.0,27.5,0.248,0.467,0.365,0.0,,,,-1.0,-1.6,0.2,-2.4,29.8,0.0,4.29,27.1,CHC,y
Albert Pujols,2019,39,120.0,12.5,0.244,0.43,0.305,0.0,,,,,,,,,0.0,5.02,22.5,LAA,n
Miguel Cabrera,2019,36,139.0,19.7,0.282,0.398,0.346,0.0,,,,,,,,,0.0,4.95,23.5,DET,n
Adam Jones,2019,33,63.0,19.1,0.26,0.414,0.313,0.0,,,,-0.8,-2.3,0.3,-2.7,29.5,0.0,4.48,26.8,ARI,n
Nelson Cruz,2019,38,141.0,25.1,0.321,0.639,0.401,0.0,,,,,,,,,0.0,4.73,25.3,MIN,y
Evan Longoria,2019,33,115.0,22.0,0.254,0.437,0.325,0.0,,,,,,,,,0.0,4.54,26.4,SFG,n
Dexter Fowler,2019,33,116.0,24.7,0.248,0.409,0.355,0.0,,,,-1.0,-1.0,-0.1,-2.1,30.5,0.0,4.29,27.7,STL,y
Charlie Blackmon,2019,32,91.0,16.4,0.314,0.576,0.364,1.0,,,,-1.3,-1.2,0.3,-2.2,30.1,0.0,4.35,26.8,COL,n
Lorenzo Cain,2019,33,146.0,17.0,0.27,0.372,0.334,0.0,,,,0.7,1.1,-0.4,1.4,34.9,9.0,4.26,27.8,MIL,y
Justin Turner,2019,34,139.0,16.0,0.3,0.509,0.381,0.0,,,,,,,,,0.0,4.55,26.1,LAD,y
Joey Votto,2019,35,137.0,20.2,0.261,0.411,0.357,0.0,,,,,,,,,0.0,4.78,25.1,CIN,n
Brett Gardner,2019,35,123.0,19.6,0.261,0.503,0.334,0.0,,,,-0.5,0.4,0.6,0.4,33.5,10.0,4.06,28.9,NYY,y
Ryan Braun,2019,35,131.0,20.7,0.295,0.505,0.352,1.5,,,,1.7,-1.3,-0.8,-0.5,32.5,0.0,4.47,26.6,MIL,y
Alex Gordon,2019,35,148.0,15.8,0.266,0.396,0.345,0.0,,,,-0.6,-0.9,0.6,-0.9,31.4,0.0,4.59,25.4,KCR,n
Elvis Andrus,2019,30,165.0,14.8,0.275,0.393,0.313,0.0,,,,,,,,,0.0,4.39,26.7,TEX,n
Wilson Ramos,2019,31,68.0,13.2,0.288,0.416,0.351,0.0,,,,,,,,,0.0,4.96,22.9,NYM,n
Carlos Santana,2019,33,161.0,15.7,0.281,0.515,0.397,2.0,,,,,,,,,0.0,4.55,25.7,CLE,n
Brandon Belt,2019,31,123.0,20.6,0.234,0.403,0.339,0.0,,,,0.8,-5.0,-2.5,-6.6,25.0,0.0,4.68,24.8,SFG,n
Michael Brantley,2019,32,179.0,10.4,0.321,0.503,0.381,1.5,,,,0.5,-0.9,0.0,-0.5,31.8,0.0,4.47,26.4,HOU,y
Yuli Gurriel,2019,35,168.0,10.6,0.308,0.541,0.352,3.0,,,,,,,,,0.0,4.32,27.6,HOU,y
Miguel Rojas,2019,30,137.0,11.8,0.284,0.379,0.331,0.0,,,,,,,,,0.0,4.52,26.3,MIA,n
Eduardo Escobar,2019,30,85.5,18.6,0.269,0.511,0.32,0.0,,,,,,,,,0.0,4.25,27.6,ARI,n
Khris Davis,2019,31,106.0,27.4,0.23,0.387,0.302,1.5,,,,,,,,,0.0,4.84,25.6,OAK,y
Tommy Pham,2019,31,155.0,18.8,0.273,0.45,0.369,1.0,,,,-0.4,-0.7,-0.1,-1.1,31.2,15.0,4.38,28.7,TBR,n
J.D. Martinez,2019,31,87.5,21.0,0.304,0.557,0.383,0.0,,,,-0.1,-1.1,-0.7,-1.8,30.8,0.0,4.49,26.7,BOS,n
Josh Reddick,2019,32,138.0,12.0,0.285,0.409,0.328,0.0,,,,0.9,-0.2,0.4,1.1,33.2,1.0,4.31,26.7,HOU,y
Paul Goldschmidt,2019,31,155.0,24.3,0.27,0.476,0.355,1.5,,,,,,,,,1.0,4.5,26.6,STL,y
Jose Altuve,2019,29,149.0,15.0,0.308,0.55,0.362,1.5,,,,,,,,,48.0,4.07,28.6,HOU,y
Jean Segura,2019,29,161.0,11.8,0.28,0.42,0.323,1.0,,,,,,,,,3.0,4.2,27.5,PHI,n
Starlin Castro,2019,29,172.0,16.4,0.27,0.436,0.3,0.0,,,,,,,,,0.0,4.38,26.9,MIA,n
Starling Marte,2019,30,159.0,16.0,0.295,0.503,0.342,1.0,,,,-0.1,1.3,0.5,1.7,35.0,45.0,4.15,29.0,PIT,n
Josh Donaldson,2019,33,71.0,23.5,0.269,0.521,0.388,1.5,,,,,,,,,0.0,4.5,25.8,ATL,y
Freddie Freeman,2019,29,88.0,18.4,0.305,0.549,0.398,1.5,,,,,,,,,0.0,4.45,26.5,ATL,y
Yasmani Grandal,2019,30,126.0,22.0,0.256,0.468,0.389,0.0,,,,,,,,,0.0,4.88,24.2,MIL,y
Jason Heyward,2019,29,129.0,18.7,0.251,0.429,0.343,1.0,,,,0.5,0.9,-0.1,1.3,34.0,0.0,4.33,27.4,CHC,n
DJ LeMahieu,2019,30,197.0,13.7,0.337,0.518,0.384,3.0,,,,,,,,,0.0,4.58,26.7,NYY,y
Mike Moustakas,2019,30,133.0,16.8,0.264,0.516,0.338,0.0,,,,,,,,,0.0,4.55,25.7,MIL,y
Anthony Rizzo,2019,29,150.0,14.0,0.293,0.52,0.405,0.0,,,,,,,,,0.0,4.58,25.3,CHC,n
Freddy Galvis,2019,29,145.0,24.6,0.26,0.438,0.296,0.0,,,,,,,,,0.0,4.44,25.9,TOR,n
Marcell Ozuna,2019,28,117.0,20.8,0.251,0.472,0.337,0.0,,,,0.1,-1.1,0.0,-1.0,31.5,0.0,4.43,27.4,STL,y
Jonathan Villar,2019,28,176.0,24.6,0.274,0.453,0.339,0.0,,,,,,,,,1.0,4.24,27.9,BAL,n
Danny Santana,2019,28,134.0,29.5,0.283,0.534,0.324,1.0,,,,0.9,1.1,-0.4,1.6,34.7,5.0,4.28,27.7,TEX,n
Brandon Crawford,2019,32,114.0,20.9,0.228,0.35,0.304,0.0,,,,,,,,,0.0,4.43,25.7,SFG,n
Eric Hosmer,2019,29,164.0,24.4,0.265,0.425,0.31,0.0,,,,,,,,,0.0,4.53,25.8,SDP,n
Jason Kipnis,2019,32,112.0,17.2,0.245,0.41,0.304,1.0,,,,,,,,,0.0,4.37,26.8,CLE,n
Anthony Rendon,2019,29,43.5,13.3,0.319,0.598,0.412,1.0,,,,,,,,,0.0,4.4,26.7,WSN,n
Marcus Semien,2019,28,187.0,13.7,0.295,0.522,0.378,0.0,,,,,,,,,1.0,4.36,28.1,OAK,y
George Springer,2019,29,140.0,20.3,0.302,0.591,0.392,1.5,,,,1.1,0.8,-0.6,1.2,34.1,2.0,4.27,28.4,HOU,y
Kolten Wong,2019,28,136.0,15.1,0.295,0.423,0.37,0.0,,,,,,,,,0.0,4.19,27.6,STL,y
Randal Grichuk,2019,27,136.0,26.0,0.232,0.457,0.28,0.0,,,,-1.3,0.4,0.9,0.3,32.7,0.0,4.37,28.1,TOR,n
Mike Trout,2019,27,137.0,20.0,0.291,0.645,0.438,0.0,,,,-2.4,0.2,0.8,-1.3,32.3,24.0,4.29,29.2,LAA,n
Bryce Harper,2019,26,149.0,26.1,0.26,0.51,0.372,2.0,,,,-0.6,0.4,0.3,0.1,32.5,1.0,4.28,28.3,PHI,n
Domingo Santana,2019,26,114.0,32.3,0.253,0.441,0.329,0.0,,,,-1.1,-2.3,0.4,-3.0,29.0,0.0,4.55,26.7,SEA,n
Nolan Arenado,2019,28,92.5,14.0,0.315,0.583,0.379,1.0,,,,,,,,,0.0,4.55,25.9,COL,n
Max Muncy,2019,28,122.0,25.3,0.261,0.515,0.383,3.0,,,,,,,,,0.0,4.27,27.7,LAD,y
Luke Voit,2019,28,113.0,27.8,0.273,0.464,0.387,0.0,,,,,,,,,0.0,4.69,25.7,NYY,y
Christian Walker,2019,28,68.5,25.7,0.259,0.476,0.348,0.0,,,,,,,,,1.0,4.54,27.2,ARI,n
Jose Iglesias,2019,29,145.0,13.2,0.288,0.407,0.318,1.0,,,,,,,,,2.0,4.2,27.1,CIN,n
Kris Bryant,2019,27,153.0,22.9,0.282,0.521,0.382,1.0,,,,1.4,-0.3,-0.8,0.4,34.5,0.0,4.28,28.2,CHC,n
Nick Castellanos,2019,27,178.0,21.5,0.289,0.525,0.337,1.0,,,,0.2,-1.3,-0.5,-1.7,30.7,0.0,4.28,27.9,DET,n
Manny Machado,2019,26,150.0,19.4,0.256,0.462,0.334,0.0,,,,,,,,,0.0,4.6,26.4,SDP,n
Colin Moran,2019,26,129.0,23.3,0.277,0.429,0.322,0.0,,,,,,,,,0.0,4.58,25.3,PIT,n
Joc Pederson,2019,27,112.0,21.6,0.259,0.538,0.348,1.5,,,,0.2,-0.5,-0.7,-1.1,31.3,0.0,4.36,26.2,LAD,y
J.T. Realmuto,2019,28,148.0,20.7,0.275,0.493,0.328,0.0,,,,,,,,,3.0,4.22,28.7,PHI,n
Eddie Rosario,2019,27,155.0,14.6,0.286,0.5,0.309,0.0,,,,-0.5,-0.8,0.1,-1.3,31.0,1.0,4.27,27.1,MIN,y
Christian Yelich,2019,27,161.0,20.3,0.339,0.671,0.438,3.0,,,,-1.5,-2.1,0.7,-2.9,29.4,18.0,4.16,28.7,MIL,y
Whit Merrifield,2019,30,206.0,17.1,0.302,0.463,0.348,1.0,,,,-0.3,-0.6,0.0,-0.9,31.4,11.0,4.23,28.6,KCR,n
Xander Bogaerts,2019,26,95.0,17.5,0.309,0.555,0.384,0.0,,,,,,,,,3.0,4.25,28.0,BOS,n
Hanser Alberto,2019,26,160.0,9.1,0.305,0.422,0.329,0.0,,,,,,,,,0.0,4.33,26.9,BAL,n
Jorge Polanco,2019,25,186.0,16.5,0.305,0.485,0.365,0.0,,,,,,,,,14.0,4.12,28.2,MIN,y
Kole Calhoun,2019,31,128.0,25.6,0.232,0.467,0.325,0.0,,,,0.7,-0.5,-0.7,-0.5,32.1,0.0,4.52,25.9,LAA,n
Adam Eaton,2019,30,39.5,16.2,0.279,0.428,0.365,0.0,,,,1.1,0.1,-0.9,0.3,32.7,1.0,4.13,28.3,WSN,n
Jurickson Profar,2019,26,100.0,14.5,0.228,0.41,0.31,0.0,,,,,,,,,0.0,4.4,26.8,OAK,y
Francisco Lindor,2019,25,170.0,15.0,0.284,0.518,0.335,0.0,,,,,,,,,0.0,4.24,27.5,CLE,n
Rougned Odor,2019,25,107.0,30.6,0.205,0.439,0.283,1.0,,,,,,,,,4.0,4.2,28.0,TEX,n
Trevor Story,2019,26,86.5,26.5,0.294,0.554,0.363,2.0,,,,,,,,,43.0,4.17,29.2,COL,n
Daniel Vogelbach,2019,26,96.0,26.7,0.208,0.439,0.341,0.0,,,,,,,,,0.0,4.8,24.1,SEA,n
Max Kepler,2019,26,132.0,16.6,0.262,0.519,0.345,3.0,,,,-0.4,0.1,0.8,0.5,33.8,2.0,4.24,27.7,MIN,y
Jackie Bradley Jr.,2019,29,55.5,27.3,0.225,0.421,0.317,0.0,,,,2.8,0.5,-2.2,1.1,34.7,0.0,4.32,27.6,BOS,n
Nick Ahmed,2019,29,70.5,18.1,0.254,0.437,0.316,0.0,,,,,,,,,2.0,4.35,28.2,ARI,n
Brian Anderson,2019,26,120.0,21.9,0.261,0.468,0.342,1.0,,,,-0.3,-0.6,0.1,-0.8,31.6,0.0,4.4,27.0,MIA,n
Josh Bell,2019,26,146.0,19.2,0.277,0.569,0.367,0.0,,,,,,,,,0.0,4.42,26.7,PIT,n
Mookie Betts,2019,26,88.0,14.3,0.295,0.524,0.391,1.0,,,,0.0,0.3,0.4,0.7,33.4,1.0,4.26,27.9,BOS,n
Mallex Smith,2019,26,116.0,24.9,0.227,0.335,0.3,1.0,,,,0.3,1.0,0.2,1.5,34.5,57.0,4.03,29.4,SEA,n
Orlando Arcia,2019,24,110.0,20.0,0.233,0.35,0.292,0.0,,,,,,,,,0.0,4.46,26.4,MIL,y
Ketel Marte,2019,25,93.5,13.7,0.329,0.592,0.389,1.0,,,,-0.4,-0.6,-0.3,-1.3,31.4,6.0,4.26,27.9,ARI,n
Trea Turner,2019,26,38.75,19.9,0.298,0.497,0.353,3.0,,,,,,,,,114.0,4.05,30.3,WSN,n
Kevin Pillar,2019,30,158.0,13.8,0.259,0.432,0.287,0.0,,,,0.0,-0.5,0.6,0.1,33.7,2.0,4.28,28.0,TOR,n
Alex Bregman,2019,25,164.0,12.0,0.306,0.592,0.432,0.0,,,,,,,,,0.0,4.34,27.4,HOU,y
Corey Seager,2019,25,133.0,18.1,0.282,0.483,0.344,0.0,,,,,,,,,0.0,4.5,26.9,LAD,y
Franmil Reyes,2019,23,123.0,28.5,0.249,0.512,0.31,0.0,,,,-0.1,-1.7,0.2,-1.6,31.5,0.0,4.58,26.6,SDP,n
Dansby Swanson,2019,25,60.5,22.8,0.261,0.422,0.334,1.5,,,,,,,,,7.0,4.21,28.7,ATL,y
Kevin Newman,2019,25,152.0,11.7,0.308,0.446,0.353,4.0,,,,,,,,,4.0,4.26,28.5,PIT,n
Matt Olson,2019,25,129.0,25.2,0.277,0.545,0.36,1.5,,,,,,,,,0.0,4.55,26.2,OAK,y
Pete Alonso,2019,24,77.5,26.4,0.26,0.583,0.358,2.0,,,,,,,,,0.0,4.51,26.4,NYM,n
Michael Conforto,2019,26,70.5,23.0,0.257,0.494,0.363,1.0,,,,1.2,0.4,-1.6,-0.1,32.3,0.0,4.34,27.5,NYM,n
Adam Frazier,2019,27,154.0,12.3,0.278,0.417,0.336,0.0,,,,,,,,,0.0,4.31,27.2,PIT,n
Yasiel Puig,2019,28,148.0,21.8,0.267,0.458,0.327,2.0,,,,-1.2,-1.2,0.5,-1.9,28.9,0.0,4.31,28.2,CIN,n
Jorge Soler,2019,27,156.0,26.2,0.265,0.569,0.354,0.0,,,,-0.9,-1.6,0.1,-2.4,29.9,0.0,4.51,27.0,KCR,n
Austin Meadows,2019,24,154.0,22.2,0.291,0.558,0.364,0.0,,,,-1.1,0.9,0.7,0.4,32.1,0.0,4.24,28.1,TBR,n
Tim Anderson,2019,26,167.0,21.0,0.335,0.508,0.357,1.0,,,,,,,,,28.0,4.18,28.7,CHW,n
Cody Bellinger,2019,23,170.0,16.3,0.315,0.629,0.415,3.0,,,,0.5,1.3,-0.2,1.6,33.9,22.0,3.97,28.8,LAD,y
Hunter Dozier,2019,27,146.0,25.3,0.279,0.522,0.348,1.0,,,,-1.7,-1.1,0.0,-2.8,29.7,0.0,4.37,28.3,KCR,n
Trey Mancini,2019,27,175.0,21.1,0.291,0.535,0.364,0.0,,,,0.1,-1.9,-0.3,-2.1,30.2,0.0,4.6,26.7,BAL,n
Ryan McMahon,2019,24,60.0,29.7,0.25,0.45,0.329,1.0,,,,,,,,,0.0,4.51,26.4,COL,n
Amed Rosario,2019,23,88.5,18.9,0.287,0.432,0.323,1.0,,,,,,,,,32.0,4.18,29.2,NYM,n
Willy Adames,2019,23,135.0,26.2,0.254,0.418,0.317,2.0,,,,,,,,,0.0,4.27,28.3,TBR,n
Andrew Benintendi,2019,24,72.0,22.8,0.266,0.431,0.343,0.0,,,,-1.0,-0.6,0.9,-0.7,31.1,0.0,4.27,27.1,BOS,n
Jeff McNeil,2019,27,81.0,13.2,0.318,0.531,0.384,0.0,,,,-0.1,0.1,-0.2,-0.2,32.4,1.0,4.1,27.2,NYM,n
Ozzie Albies,2019,22,94.5,16.0,0.305,0.5,0.361,1.5,,,,,,,,,20.0,4.02,28.6,ATL,y
Rafael Devers,2019,22,100.5,17.0,0.311,0.555,0.361,1.0,,,,,,,,,0.0,4.27,27.1,BOS,n
Gleyber Torres,2019,22,152.0,21.4,0.288,0.535,0.346,1.5,,,,,,,,,0.0,4.48,26.5,NYY,y
Matt Chapman,2019,26,145.0,21.9,0.259,0.506,0.351,3.0,,,,,,,,,2.0,4.4,28.1,OAK,y
Rhys Hoskins,2019,26,129.0,24.5,0.226,0.454,0.364,0.0,,,,,,,,,0.0,4.54,25.9,PHI,n
Kyle Schwarber,2019,26,132.0,25.6,0.25,0.531,0.339,1.0,,,,-0.4,-0.9,0.2,-1.2,30.7,0.0,4.3,27.1,CHC,n
Paul DeJong,2019,25,136.0,22.4,0.243,0.444,0.327,0.0,,,,,,,,,0.0,4.37,27.6,STL,y
David Fletcher,2019,25,173.0,9.8,0.29,0.384,0.35,0.0,,,,2.2,1.7,-0.6,3.4,36.2,0.0,4.23,27.5,LAA,n
Vladimir Guerrero Jr.,2019,20,126.0,17.7,0.272,0.433,0.339,0.0,,,,,,,,,0.0,4.57,26.3,TOR,n
Juan Soto,2019,20,38.25,20.0,0.282,0.548,0.401,0.0,,,,1.7,0.5,-0.7,1.5,33.8,0.0,4.25,27.3,WSN,n
Bryan Reynolds,2019,24,154.0,22.2,0.314,0.503,0.377,1.0,,,,-0.8,0.8,0.6,0.6,33.0,1.0,4.31,28.1,PIT,n
Nelson Cruz,2022,41,105.0,23.5,0.234,0.337,0.313,0.0,,,,,,,,,0.0,4.8,25.5,WSN,n
Charlie Blackmon,2022,35,140.0,18.9,0.264,0.419,0.314,0.0,,,,-1.5,-0.7,0.7,-1.5,31.7,1.0,4.36,27.8,COL,n
Andrew McCutchen,2022,35,122.0,21.4,0.237,0.384,0.316,2.0,,,,-0.5,0.0,0.4,0.0,32.4,15.0,4.38,28.9,MIL,n
Justin Turner,2022,37,130.0,16.7,0.288,0.438,0.359,0.0,,,,,,,,,0.0,4.86,25.0,LAD,y
Elvis Andrus,2022,33,133.0,15.9,0.249,0.404,0.303,0.0,,,,,,,,,0.0,4.6,26.1,OAK,n
Carlos Santana,2022,36,87.0,17.4,0.202,0.376,0.316,2.0,,,,,,,,,0.0,4.67,25.7,KCR,n
Yuli Gurriel,2022,38,132.0,12.5,0.252,0.36,0.297,0.0,,,,,,,,,0.0,4.44,26.9,HOU,y
Miguel Rojas,2022,33,111.0,12.0,0.236,0.323,0.283,0.0,,,,,,,,,0.0,4.61,26.4,MIA,n
Eduardo Escobar,2022,33,119.0,23.8,0.25,0.43,0.304,3.0,,,,,,,,,0.0,4.29,27.9,NYM,y
Tommy Pham,2022,34,131.0,26.8,0.236,0.374,0.312,2.0,,,,-0.4,-0.4,0.4,-0.4,32.2,0.0,4.54,27.9,CIN,n
J.D. Martinez,2022,34,146.0,24.3,0.274,0.448,0.341,0.0,,,,,,,,,0.0,4.68,26.1,BOS,n
Paul Goldschmidt,2022,34,89.0,21.7,0.327,0.578,0.413,1.5,,,,,,,,,0.0,4.61,26.3,STL,y
Jose Altuve,2022,32,158.0,14.4,0.31,0.533,0.396,0.0,,,,,,,,,39.0,4.23,28.1,HOU,y
Starling Marte,2022,33,136.0,19.2,0.302,0.468,0.356,1.5,,,,0.0,0.1,0.5,0.6,32.9,13.0,4.28,28.0,NYM,y
Josh Donaldson,2022,36,106.0,27.1,0.232,0.374,0.317,6.0,,,,,,,,,0.0,4.58,25.7,NYY,y
Freddie Freeman,2022,32,199.0,14.4,0.335,0.511,0.416,0.0,,,,,,,,,0.0,4.48,26.9,LAD,y
DJ LeMahieu,2022,33,122.0,13.1,0.271,0.377,0.366,0.0,,,,,,,,,0.0,4.69,26.4,NYY,y
Anthony Rizzo,2022,32,104.0,18.4,0.234,0.48,0.347,1.5,,,,,,,,,0.0,4.66,25.5,NYY,y
Wilmer Flores,2022,30,120.0,17.1,0.229,0.394,0.316,2.0,,,,,,,,,0.0,4.7,25.3,SFG,n
Marcell Ozuna,2022,31,106.0,24.1,0.236,0.413,0.283,0.0,,,,0.2,-1.8,0.6,-1.0,32.3,0.0,4.66,26.6,ATL,y
C.J. Cron,2022,32,148.0,25.9,0.257,0.468,0.315,0.0,,,,,,,,,0.0,4.84,25.2,COL,n
Marcus Semien,2022,31,163.0,16.6,0.248,0.429,0.304,0.0,,,,,,,,,9.0,4.37,28.8,TEX,n
George Springer,2022,32,137.0,17.2,0.277,0.472,0.351,0.0,,,,-0.1,0.6,-0.1,0.4,34.6,2.0,4.37,28.3,TOR,y
Randal Grichuk,2022,30,131.0,23.6,0.259,0.425,0.299,2.0,,,,-1.3,0.1,0.7,-0.5,32.3,0.0,4.5,28.0,COL,n
Gio Urshela,2022,30,143.0,17.4,0.285,0.429,0.338,4.0,,,,,,,,,0.0,4.53,25.8,MIN,n
Jonathan Schoop,2022,30,97.0,21.0,0.202,0.322,0.239,0.0,,,,,,,,,0.0,4.61,27.0,DET,n
Nolan Arenado,2022,31,81.5,11.6,0.303,0.533,0.367,0.0,,,,,,,,,0.0,4.71,25.5,STL,y
Kyle Farmer,2022,31,134.0,17.0,0.255,0.386,0.315,0.0,,,,,,,,,0.0,4.57,26.7,CIN,n
Max Muncy,2022,31,91.0,25.0,0.206,0.384,0.338,0.0,,,,,,,,,0.0,4.43,27.2,LAD,y
AJ Pollock,2022,34,120.0,18.6,0.245,0.389,0.292,0.0,,,,-0.9,0.0,0.2,-0.7,32.1,1.0,4.42,27.8,CHW,n
Luke Voit,2022,31,113.0,31.5,0.226,0.402,0.308,0.0,,,,,,,,,0.0,4.96,24.7,SDP,n
Christian Walker,2022,31,141.0,19.6,0.242,0.477,0.327,2.0,,,,,,,,,0.0,4.64,26.6,ARI,n
Mike Yastrzemski,2022,31,104.0,25.3,0.214,0.392,0.305,2.0,,,,-0.1,0.9,0.2,1.0,34.8,0.0,4.4,27.0,SFG,n
Mark Canha,2022,33,123.0,17.9,0.276,0.403,0.376,0.0,,,,-0.2,-0.5,0.2,-0.5,32.7,0.0,4.46,27.5,NYM,y
Nick Castellanos,2022,30,138.0,23.3,0.273,0.389,0.314,0.0,,,,-0.2,-1.8,-0.2,-2.3,31.4,0.0,4.43,27.7,PHI,y
Brandon Drury,2022,29,136.0,22.2,0.263,0.492,0.32,0.0,,,,,,,,,0.0,4.52,27.0,CIN,n
Aaron Judge,2022,30,177.0,25.1,0.321,0.686,0.434,6.0,,,,-0.5,-0.3,0.3,-0.5,33.2,0.0,4.66,27.3,NYY,y
Manny Machado,2022,29,172.0,20.7,0.298,0.531,0.366,2.0,,,,,,,,,0.0,4.71,26.4,SDP,n
J.T. Realmuto,2022,31,139.0,21.2,0.286,0.478,0.351,0.0,,,,,,,,,5.0,4.35,28.7,PHI,y
Hunter Renfroe,2022,30,121.0,23.2,0.255,0.492,0.315,2.0,,,,0.2,-0.9,-0.1,-0.8,32.1,0.0,4.52,27.1,MIL,n
Christian Yelich,2022,30,145.0,24.1,0.252,0.383,0.355,0.0,,,,-1.5,-1.2,0.2,-2.6,29.8,8.0,4.37,28.1,MIL,n
Whit Merrifield,2022,33,126.0,15.5,0.25,0.375,0.298,0.0,,,,-0.2,0.0,0.2,0.1,33.4,1.0,4.33,28.6,KCR,n
Xander Bogaerts,2022,29,171.0,18.7,0.307,0.456,0.377,0.0,,,,,,,,,1.0,4.31,27.9,BOS,n
Jurickson Profar,2022,29,140.0,15.7,0.243,0.391,0.331,0.0,,,,0.6,-0.9,-0.4,-0.7,31.6,0.0,4.47,26.6,SDP,n
Francisco Lindor,2022,28,170.0,18.8,0.28,0.449,0.348,1.5,,,,,,,,,0.0,4.43,27.6,NYM,y
Josh Bell,2022,29,147.0,15.8,0.266,0.422,0.362,0.0,,,,,,,,,0.0,4.61,26.2,WSN,n
Mookie Betts,2022,29,154.0,16.3,0.279,0.533,0.349,3.0,,,,0.2,0.8,0.2,1.3,34.5,0.0,4.42,27.4,LAD,y
Ketel Marte,2022,28,118.0,18.1,0.24,0.407,0.321,2.0,,,,,,,,,1.0,4.46,27.0,ARI,n
Brandon Nimmo,2022,29,159.0,17.2,0.284,0.433,0.376,0.0,,,,-1.3,0.3,0.6,-0.4,34.4,30.0,4.18,28.6,NYM,y
Trea Turner,2022,29,194.0,18.5,0.308,0.466,0.352,0.0,,,,,,,,,131.0,4.14,30.3,LAD,y
Alex Bregman,2022,28,142.0,11.7,0.269,0.454,0.375,0.0,,,,,,,,,0.0,4.6,26.6,HOU,y
Corey Seager,2022,28,145.0,15.5,0.245,0.455,0.317,0.0,,,,,,,,,0.0,4.66,26.2,TEX,n
Jesse Winker,2022,28,100.0,18.8,0.229,0.344,0.353,1.5,,,,-1.9,-2.4,0.9,-3.5,28.4,0.0,4.67,25.6,SEA,y
Dansby Swanson,2022,28,177.0,26.1,0.287,0.447,0.338,0.0,,,,,,,,,9.0,4.33,28.4,ATL,y
Carlos Correa,2022,27,152.0,20.5,0.291,0.467,0.366,0.0,,,,,,,,,1.0,4.57,27.1,MIN,n
Taylor Ward,2022,28,139.0,21.3,0.281,0.473,0.36,2.0,,,,0.2,0.9,0.4,1.4,34.4,6.0,4.4,28.4,LAA,n
Patrick Wisdom,2022,30,97.0,34.3,0.207,0.426,0.298,0.0,,,,-0.7,-4.0,-0.7,-5.5,28.0,0.0,4.5,27.8,CHC,n
Matt Olson,2022,28,148.0,24.3,0.25,0.477,0.334,0.0,,,,,,,,,0.0,4.65,26.3,ATL,y
Jorge Mateo,2022,27,109.0,27.6,0.221,0.379,0.267,2.0,,,,,,,,,69.0,4.2,30.1,BAL,n
Anthony Santander,2022,27,138.0,18.9,0.24,0.455,0.318,4.0,,,,-0.8,-0.7,0.7,-0.8,31.8,0.0,4.66,26.6,BAL,n
Pete Alonso,2022,27,162.0,18.7,0.281,0.518,0.361,3.0,,,,,,,,,0.0,4.67,25.7,NYM,y
Adam Frazier,2022,30,129.0,12.1,0.248,0.311,0.31,0.0,,,,-0.7,-1.0,-0.4,-2.1,32.1,0.0,4.4,26.8,SEA,y
Jake Cronenworth,2022,28,140.0,19.2,0.239,0.39,0.332,2.0,,,,,,,,,1.0,4.34,28.2,SDP,n
Cody Bellinger,2022,26,106.0,27.3,0.22,0.389,0.274,0.0,,,,0.0,0.6,0.4,1.0,34.8,2.0,4.23,28.1,LAD,y
J.P. Crawford,2022,27,126.0,13.3,0.253,0.336,0.348,1.5,,,,,,,,,0.0,4.44,26.9,SEA,y
Trey Mancini,2022,30,124.0,23.0,0.239,0.391,0.319,2.0,,,,0.0,-2.5,0.1,-2.5,31.4,0.0,4.76,25.6,BAL,n
Ryan McMahon,2022,27,130.0,26.5,0.246,0.414,0.327,0.0,,,,,,,,,0.0,4.59,25.8,COL,n
Rowdy Tellez,2022,27,116.0,20.2,0.219,0.461,0.306,0.0,,,,,,,,,0.0,4.83,24.0,MIL,n
Amed Rosario,2022,26,180.0,16.6,0.293,0.403,0.321,3.0,,,,,,,,,91.0,4.17,29.4,CLE,y
Willy Adames,2022,26,134.0,26.9,0.238,0.458,0.298,2.0,,,,,,,,,1.0,4.41,27.8,MIL,n
Thairo Estrada,2022,26,127.0,16.5,0.26,0.4,0.322,2.0,,,,-0.1,-3.0,-0.1,-3.1,26.1,6.0,4.3,28.2,SFG,n
Andrew Benintendi,2022,27,140.0,14.8,0.304,0.399,0.373,0.0,,,,0.0,0.2,0.2,0.4,33.5,1.0,4.38,27.6,KCR,n
Tony Kemp,2022,30,117.0,12.4,0.235,0.334,0.307,2.0,,,,-0.5,-2.3,-0.3,-3.1,30.1,0.0,4.45,26.3,OAK,n
Jeff McNeil,2022,30,174.0,10.4,0.336,0.454,0.391,0.0,,,,0.3,-0.2,-0.1,0.0,34.4,0.0,4.16,27.4,NYM,y
Rafael Devers,2022,25,164.0,18.6,0.295,0.521,0.358,0.0,,,,,,,,,0.0,4.56,25.6,BOS,n
Gleyber Torres,2022,25,135.0,22.6,0.267,0.451,0.319,3.0,,,,,,,,,0.0,4.51,26.9,NYY,y
Luis Rengifo,2022,25,129.0,15.5,0.264,0.429,0.294,0.0,,,,,,,,,0.0,4.31,27.9,LAA,n
Matt Chapman,2022,29,123.0,27.4,0.239,0.433,0.333,0.0,,,,,,,,,0.0,4.44,28.4,TOR,y
Rhys Hoskins,2022,29,145.0,25.1,0.256,0.462,0.341,1.5,,,,,,,,,0.0,4.73,25.9,PHI,y
Cedric Mullins,2022,27,157.0,18.8,0.258,0.403,0.318,2.0,,,,-0.5,1.0,0.6,1.1,34.8,18.0,4.16,28.5,BAL,n
Kyle Schwarber,2022,29,126.0,29.9,0.228,0.504,0.332,0.0,,,,-1.1,-1.7,0.7,-2.1,30.4,0.0,4.51,26.4,PHI,y
Lane Thomas,2022,26,120.0,24.1,0.241,0.404,0.301,0.0,,,,-0.8,-0.7,0.1,-1.4,32.4,39.0,4.38,29.4,WSN,n
Alex Verdugo,2022,26,166.0,13.4,0.28,0.405,0.328,2.0,,,,0.3,-0.6,-0.3,-0.6,31.7,0.0,4.38,26.8,BOS,n
Shohei Ohtani,2022,27,160.0,24.2,0.273,0.519,0.356,0.0,,,,,,,,,9.0,4.09,28.2,LAA,n
Daulton Varsho,2022,25,125.0,24.5,0.235,0.443,0.302,0.0,,,,1.2,2.3,0.2,3.7,37.0,0.0,4.27,28.0,ARI,n
Nico Hoerner,2022,25,135.0,11.0,0.281,0.41,0.327,0.0,,,,,,,,,12.0,4.28,29.1,CHC,n
Austin Riley,2022,25,168.0,24.2,0.283,0.528,0.358,3.0,,,,,,,,,0.0,4.5,27.8,ATL,y
Ryan Mountcastle,2022,25,139.0,25.3,0.25,0.423,0.305,0.0,,,,,,,,,0.0,4.51,27.5,BAL,n
Kyle Tucker,2022,25,140.0,15.6,0.267,0.478,0.339,1.5,,,,0.1,-0.8,0.2,-0.6,31.7,0.0,4.5,26.7,HOU,y
Trent Grisham,2022,25,83.0,28.6,0.184,0.341,0.284,4.0,,,,2.3,0.7,-1.7,1.3,35.2,8.0,4.35,28.8,SDP,n
Brendan Rodgers,2022,25,140.0,17.4,0.266,0.408,0.325,4.0,,,,,,,,,0.0,4.51,26.7,COL,n
Nathaniel Lowe,2022,26,179.0,22.8,0.302,0.492,0.358,2.0,,,,,,,,,0.0,4.39,27.1,TEX,n
Ian Happ,2022,27,155.0,23.2,0.271,0.44,0.342,0.0,,,,1.4,-0.6,-1.0,-0.2,32.8,0.0,4.32,27.9,CHC,n
Ty France,2022,27,151.0,15.3,0.284,0.436,0.347,3.0,,,,,,,,,0.0,4.88,24.8,SEA,y
Myles Straw,2022,27,118.0,14.6,0.231,0.273,0.3,0.0,,,,0.1,0.2,-0.1,0.1,33.9,50.0,4.14,29.3,CLE,y
Alec Bohm,2022,25,164.0,17.4,0.29,0.398,0.324,0.0,,,,,,,,,0.0,4.59,27.0,PHI,y
Seth Brown,2022,29,115.0,26.3,0.23,0.444,0.305,0.0,,,,0.3,-2.0,-0.1,-1.8,30.9,0.0,4.51,27.8,OAK,n
Vladimir Guerrero Jr.,2022,23,175.0,16.4,0.284,0.48,0.348,4.5,,,,,,,,,0.0,4.56,26.7,TOR,y
Juan Soto,2022,23,127.0,14.5,0.242,0.452,0.401,0.0,,,,0.4,-1.5,-0.2,-1.3,31.5,0.0,4.39,26.6,WSN,n
Bo Bichette,2022,24,189.0,22.2,0.3,0.469,0.342,0.0,,,,,,,,,0.0,4.5,27.5,TOR,y
Randy Arozarena,2022,27,154.0,24.2,0.263,0.445,0.327,0.0,,,,-0.2,-0.5,-0.2,-0.9,31.1,13.0,4.27,28.8,TBR,n
Bryan Reynolds,2022,27,142.0,23.0,0.262,0.461,0.345,2.0,,,,-1.4,-0.1,0.7,-0.8,33.4,1.0,4.34,28.2,PIT,n
Josh Rojas,2022,28,119.0,19.2,0.269,0.391,0.349,0.0,,,,,,,,,0.0,4.37,27.3,ARI,n
MJ Melendez,2022,23,100.0,24.5,0.217,0.393,0.313,0.0,,,,-0.5,-0.1,0.4,-0.2,32.7,0.0,4.21,27.8,KCR,n
Sean Murphy,2022,27,134.0,20.3,0.25,0.426,0.332,0.0,,,,,,,,,0.0,4.62,26.1,OAK,n
Tommy Edman,2022,27,76.5,17.6,0.275,0.4,0.333,3.0,,,,,,,,,12.0,4.25,28.7,STL,y
Will Smith,2022,27,132.0,16.6,0.27,0.465,0.352,1.5,,,,,,,,,0.0,4.5,27.5,LAD,y
Austin Hays,2022,26,134.0,19.6,0.25,0.413,0.306,0.0,,,,-0.7,-0.5,0.2,-0.9,32.1,0.0,4.36,27.8,BAL,n
Yordan Alvarez,2022,25,144.0,18.9,0.316,0.613,0.415,3.0,,,,-0.9,-2.8,0.4,-3.2,29.1,0.0,4.52,26.6,HOU,y
Alejandro Kirk,2022,23,134.0,10.7,0.295,0.415,0.381,0.0,,,,,,,,,0.0,4.89,24.2,TOR,y
Bobby Witt Jr.,2022,22,150.0,21.4,0.254,0.428,0.294,0.0,,,,,,,,,107.0,4.13,30.3,KCR,n
Steven Kwan,2022,24,168.0,9.4,0.308,0.4,0.382,1.5,,,,0.1,1.7,-0.1,1.7,34.9,17.0,4.16,28.4,CLE,y
Andrew Vaughn,2022,24,138.0,17.3,0.271,0.429,0.321,0.0,,,,-1.5,-2.9,0.3,-4.1,28.7,0.0,4.71,26.2,CHW,n
Justin Turner,2023,38,154.0,17.6,0.276,0.455,0.345,0.0,66.4,0.5,6.5,,,,,,0.0,4.83,25.2,BOS,n
Carlos Santana,2023,37,132.0,16.8,0.24,0.429,0.318,4.0,71.4,13.9,7.5,,,,,,0.0,4.59,25.9,PIT,n
Paul Goldschmidt,2023,35,159.0,23.4,0.268,0.447,0.363,0.0,72.1,18.5,7.5,,,,,,0.0,4.58,26.4,STL,n
Freddie Freeman,2023,33,211.0,16.6,0.341,0.567,0.419,1.5,70.5,11.4,6.7,,,,,,0.0,4.53,26.7,LAD,y
DJ LeMahieu,2023,34,121.0,22.2,0.243,0.39,0.327,2.0,68.2,4.2,7.2,,,,,,0.0,4.83,25.7,NYY,n
Salvador Perez,2023,33,137.0,23.3,0.255,0.422,0.292,0.0,72.7,29.1,7.9,,,,,,0.0,4.93,24.3,KCR,n
Marcell Ozuna,2023,32,145.0,22.6,0.284,0.558,0.355,0.0,75.0,53.1,7.5,,,,,,0.0,4.74,26.4,ATL,y
Marcus Semien,2023,32,185.0,14.6,0.286,0.478,0.357,0.0,68.7,5.0,7.6,,,,,,4.0,4.42,28.7,TEX,y
George Springer,2023,33,158.0,18.3,0.268,0.405,0.336,1.5,72.7,24.4,7.5,-0.1,0.1,-0.2,-0.1,32.6,1.0,4.41,27.8,TOR,y
Bryce Harper,2023,30,134.0,21.8,0.303,0.499,0.41,0.0,75.5,55.0,7.4,,,,,,0.0,4.42,27.6,PHI,y
Nolan Arenado,2023,32,149.0,16.5,0.266,0.459,0.315,2.0,71.4,15.5,8.2,,,,,,0.0,4.77,24.9,STL,n
Max Muncy,2023,32,102.0,26.4,0.222,0.475,0.342,3.0,71.3,14.9,7.1,,,,,,0.0,4.51,26.9,LAD,y
Christian Walker,2023,32,150.0,19.2,0.268,0.497,0.342,0.0,75.0,49.7,7.4,,,,,,1.0,4.72,26.4,ARI,y
Mark Canha,2023,34,114.0,15.6,0.262,0.4,0.355,0.0,67.8,3.5,7.3,-0.2,-1.3,0.3,-1.2,32.1,0.0,4.44,27.8,NYM,n
Nick Castellanos,2023,31,170.0,27.6,0.282,0.476,0.32,0.0,72.4,28.3,7.7,-0.5,-2.4,0.1,-2.7,29.7,0.0,4.52,27.2,PHI,y
Brandon Drury,2023,30,127.0,26.0,0.262,0.497,0.306,0.0,71.7,17.2,7.5,,,,,,0.0,4.56,26.9,LAA,n
Manny Machado,2023,30,140.0,18.1,0.258,0.462,0.319,0.0,76.7,66.6,7.7,,,,,,0.0,4.67,26.3,SDP,n
J.T. Realmuto,2023,32,123.0,25.6,0.262,0.452,0.319,0.0,73.5,35.5,7.6,,,,,,1.0,4.36,28.6,PHI,y
Hunter Renfroe,2023,31,116.0,22.8,0.233,0.416,0.297,2.0,74.7,48.7,7.9,0.7,-0.3,-0.5,-0.2,32.6,0.0,4.65,26.8,LAA,n
Eddie Rosario,2023,31,122.0,23.6,0.265,0.45,0.314,0.0,70.4,11.5,7.1,0.0,-0.5,0.2,-0.4,33.5,0.0,4.3,28.0,ATL,y
Christian Yelich,2023,31,153.0,22.2,0.288,0.447,0.379,1.5,73.6,39.5,7.4,0.2,-0.8,-0.1,-0.7,32.7,14.0,4.35,28.1,MIL,y
Whit Merrifield,2023,34,149.0,17.1,0.282,0.382,0.327,1.5,64.8,1.2,6.9,-0.6,-0.8,0.5,-0.9,32.1,2.0,4.3,28.8,TOR,y
Xander Bogaerts,2023,30,170.0,16.5,0.285,0.44,0.35,2.0,70.4,15.4,7.2,,,,,,0.0,4.38,27.6,SDP,n
Jurickson Profar,2023,30,111.0,17.3,0.242,0.368,0.321,0.0,71.1,19.8,7.3,-0.2,-3.0,-0.5,-3.7,29.5,0.0,4.61,25.6,COL,n
Francisco Lindor,2023,29,153.0,19.9,0.254,0.47,0.336,2.0,71.0,14.7,7.6,,,,,,1.0,4.35,28.1,NYM,n
Jeimer Candelario,2023,29,127.0,22.0,0.251,0.471,0.336,0.0,69.3,6.8,7.7,,,,,,0.0,4.45,27.5,WSN,n
Josh Bell,2023,30,135.0,21.7,0.247,0.419,0.325,2.0,72.3,29.3,8.1,,,,,,0.0,4.69,25.9,CLE,n
Mookie Betts,2023,30,179.0,15.4,0.317,0.579,0.417,0.0,71.3,20.7,7.2,-0.6,-0.3,0.6,-0.4,32.6,0.0,4.47,27.2,LAD,y
J.D. Davis,2023,30,119.0,27.8,0.248,0.412,0.325,2.0,72.2,18.7,7.3,,,,,,0.0,4.8,25.8,SFG,n
Orlando Arcia,2023,28,129.0,19.1,0.274,0.42,0.33,1.5,71.1,20.6,7.7,,,,,,0.0,4.67,25.9,ATL,y
Ketel Marte,2023,29,157.0,16.8,0.286,0.485,0.367,0.0,73.1,33.9,7.5,,,,,,3.0,4.37,27.7,ARI,y
Brandon Nimmo,2023,30,162.0,21.4,0.274,0.466,0.363,2.0,72.7,27.1,7.2,-1.2,-0.7,0.8,-1.0,33.0,2.0,4.27,28.0,NYM,n
Trea Turner,2023,30,170.0,21.7,0.276,0.459,0.329,1.5,72.4,27.0,7.6,,,,,,115.0,4.14,30.3,PHI,y
Alex Bregman,2023,29,163.0,12.0,0.272,0.441,0.372,0.0,70.2,5.5,6.9,,,,,,0.0,4.57,26.3,HOU,y
Corey Seager,2023,29,156.0,16.4,0.337,0.623,0.399,0.0,71.8,17.1,6.6,,,,,,0.0,4.67,26.2,TEX,y
Joey Meneses,2023,31,168.0,19.8,0.275,0.401,0.321,0.0,69.7,11.5,6.7,,,,,,0.0,4.77,25.6,WSN,n
Dansby Swanson,2023,29,138.0,24.1,0.244,0.416,0.328,0.0,71.5,9.1,7.3,,,,,,9.0,4.29,28.4,CHC,n
Carlos Correa,2023,28,118.0,22.6,0.24,0.399,0.321,3.0,74.8,51.2,7.3,,,,,,0.0,4.61,26.6,MIN,y
Matt Olson,2023,29,172.0,23.2,0.293,0.604,0.398,0.0,74.8,49.7,7.3,,,,,,0.0,4.64,26.2,ATL,y
Anthony Santander,2023,28,152.0,23.2,0.267,0.472,0.334,1.5,72.9,31.5,7.2,-0.6,-0.6,0.6,-0.6,32.1,0.0,4.65,26.7,BAL,y
Pete Alonso,2023,28,123.0,22.9,0.217,0.504,0.318,2.0,75.7,56.0,7.4,,,,,,0.0,4.64,26.0,NYM,n
Jorge Soler,2023,31,126.0,24.3,0.26,0.512,0.35,1.5,75.8,61.8,7.8,-0.4,-1.1,-0.3,-1.8,31.7,0.0,4.76,26.6,MIA,y
Jake Cronenworth,2023,29,105.0,18.6,0.229,0.378,0.312,0.0,68.3,4.2,6.8,,,,,,1.0,4.32,28.3,SDP,n
Tim Anderson,2023,30,121.0,23.3,0.245,0.296,0.286,0.0,68.8,3.1,7.1,,,,,,11.0,4.52,27.2,CHW,n
Cody Bellinger,2023,27,153.0,15.6,0.307,0.525,0.356,0.0,70.0,6.4,7.7,0.4,0.0,0.0,0.3,33.7,1.0,4.14,28.3,CHC,n
J.P. Crawford,2023,28,142.0,19.6,0.266,0.438,0.38,2.0,71.9,23.3,7.6,,,,,,0.0,4.55,26.7,SEA,n
Ryan McMahon,2023,28,133.0,31.6,0.24,0.431,0.322,2.0,72.2,23.1,7.3,,,,,,0.0,4.62,25.8,COL,n
Dominic Smith,2023,28,134.0,15.5,0.254,0.366,0.326,0.0,68.6,5.8,7.0,,,,,,0.0,4.56,25.8,WSN,n
Amed Rosario,2023,27,134.0,18.2,0.263,0.378,0.305,0.0,71.2,15.3,7.2,,,,,,42.0,4.23,29.4,CLE,n
Willy Adames,2023,27,120.0,25.9,0.227,0.407,0.319,0.0,72.5,24.2,8.2,,,,,,0.0,4.43,27.6,MIL,y
Thairo Estrada,2023,27,134.0,22.6,0.271,0.416,0.315,0.0,70.3,13.2,7.2,,,,,,0.0,4.33,28.1,SFG,n
Andrew Benintendi,2023,28,147.0,14.3,0.262,0.356,0.326,2.0,67.0,2.3,6.6,-0.3,-1.4,0.0,-1.6,31.0,0.0,4.43,27.3,CHW,n
Jeff McNeil,2023,31,158.0,10.0,0.27,0.378,0.333,0.0,68.1,2.6,6.9,0.1,0.1,0.5,0.7,33.5,1.0,4.15,27.4,NYM,n
Ozzie Albies,2023,26,167.0,16.2,0.29,0.513,0.345,4.5,70.0,10.8,7.3,,,,,,1.0,4.21,27.6,ATL,y
Rafael Devers,2023,26,157.0,19.2,0.271,0.5,0.351,0.0,73.4,34.2,7.5,,,,,,0.0,4.54,26.0,BOS,n
Gleyber Torres,2023,26,163.0,14.6,0.273,0.453,0.347,2.0,71.7,22.7,7.3,,,,,,0.0,4.61,26.4,NYY,n
Bryan De La Cruz,2023,26,149.0,22.7,0.267,0.411,0.313,0.0,72.2,23.7,7.7,-0.2,-0.7,0.3,-0.7,31.8,0.0,4.47,27.7,MIA,y
Matt Chapman,2023,30,122.0,28.4,0.25,0.424,0.339,1.5,75.5,56.7,7.6,,,,,,2.0,4.43,28.5,TOR,y
Zach McKinstry,2023,28,107.0,21.8,0.231,0.351,0.302,0.0,67.9,3.4,6.9,0.5,0.8,-0.3,1.0,34.5,2.0,4.25,28.5,DET,n
Kyle Schwarber,2023,30,115.0,29.9,0.207,0.474,0.352,3.0,77.1,74.4,7.9,-1.8,-2.6,0.7,-3.7,28.8,0.0,4.69,25.0,PHI,y
Lane Thomas,2023,27,168.0,25.8,0.268,0.468,0.315,0.0,71.7,17.1,6.9,-0.7,-0.1,0.5,-0.3,32.5,46.0,4.39,29.3,WSN,n
Alex Verdugo,2023,27,144.0,15.4,0.264,0.421,0.324,6.0,67.5,2.6,6.2,0.5,0.6,-0.3,0.8,32.9,0.0,4.34,27.3,BOS,n
Shohei Ohtani,2023,28,151.0,23.9,0.304,0.654,0.412,0.0,77.4,73.9,7.9,,,,,,0.0,4.16,27.8,LAA,n
Keibert Ruiz,2023,24,136.0,10.3,0.26,0.409,0.308,2.0,66.4,2.3,7.1,,,,,,0.0,4.78,25.1,WSN,n
William Contreras,2023,25,156.0,20.6,0.299,0.457,0.376,0.0,73.8,45.0,7.3,,,,,,0.0,4.49,26.5,MIL,y
Daulton Varsho,2023,26,116.0,23.2,0.23,0.389,0.294,1.5,74.6,47.1,7.8,0.8,1.0,0.1,1.9,35.6,2.0,4.33,28.1,TOR,y
Lars Nootbaar,2023,25,111.0,19.7,0.261,0.418,0.367,0.0,72.2,23.0,7.0,0.1,-0.1,-0.2,-0.3,32.8,0.0,4.3,27.8,STL,n
Nico Hoerner,2023,26,175.0,12.1,0.283,0.383,0.346,2.0,68.8,2.6,7.1,,,,,,4.0,4.31,28.5,CHC,n
Austin Riley,2023,26,179.0,24.1,0.291,0.516,0.354,0.0,76.3,65.5,7.5,,,,,,0.0,4.5,28.1,ATL,y
Kyle Tucker,2023,26,163.0,13.6,0.294,0.517,0.378,1.5,71.9,22.6,7.6,-0.4,-1.0,0.4,-1.0,31.4,0.0,4.51,26.6,HOU,y
Jonathan India,2023,26,111.0,20.6,0.244,0.407,0.338,0.0,71.3,25.0,7.3,,,,,,0.0,4.49,27.8,CIN,n
Cal Raleigh,2023,26,119.0,27.8,0.232,0.456,0.306,2.0,75.0,50.1,7.8,,,,,,0.0,4.56,27.0,SEA,n
Trent Grisham,2023,26,93.0,27.7,0.198,0.352,0.315,0.0,70.5,8.3,7.6,1.6,0.3,-0.8,1.0,35.4,1.0,4.47,27.7,SDP,n
Matt Vierling,2023,26,125.0,21.1,0.261,0.388,0.329,0.0,71.3,12.6,7.5,0.0,0.4,-0.1,0.3,33.3,8.0,4.39,29.1,DET,n
Tyler Stephenson,2023,26,113.0,26.1,0.243,0.378,0.317,0.0,70.4,2.7,7.5,,,,,,0.0,4.62,26.9,CIN,n
Nathaniel Lowe,2023,27,163.0,22.8,0.272,0.414,0.369,1.5,74.1,40.1,7.4,,,,,,0.0,4.38,27.3,TEX,y
Ian Happ,2023,28,144.0,22.1,0.248,0.431,0.36,0.0,71.8,19.5,6.9,1.0,-0.6,-0.7,-0.3,33.0,0.0,4.32,27.7,CHC,n
Ty France,2023,28,147.0,17.6,0.25,0.366,0.337,0.0,71.8,19.5,7.8,,,,,,0.0,4.87,25.0,SEA,n
Myles Straw,2023,28,110.0,18.7,0.238,0.297,0.301,0.0,66.1,1.0,6.7,-0.4,0.2,0.4,0.2,34.0,38.0,4.14,29.2,CLE,n
Alec Bohm,2023,26,153.0,15.4,0.284,0.437,0.336,4.5,72.0,20.2,7.4,,,,,,0.0,4.65,26.6,PHI,y
LaMonte Wade Jr.,2023,29,110.0,18.3,0.256,0.417,0.373,4.0,72.8,26.2,7.0,,,,,,0.0,4.62,26.0,SFG,n
Fernando Tatis Jr.,2023,24,148.0,22.2,0.257,0.449,0.322,0.0,73.0,30.3,7.4,0.0,1.2,0.4,1.6,34.9,32.0,4.32,29.3,SDP,n
Vladimir Guerrero Jr.,2023,24,159.0,14.7,0.274,0.444,0.354,1.5,75.5,52.3,7.6,,,,,,0.0,4.62,26.4,TOR,y
Juan Soto,2023,24,156.0,18.2,0.275,0.519,0.41,0.0,74.6,48.2,7.3,0.9,0.2,-0.8,0.3,33.1,0.0,4.39,26.8,SDP,n
Leody Taveras,2023,24,136.0,21.1,0.276,0.421,0.321,0.0,71.3,15.0,7.4,1.9,1.4,-1.2,2.1,36.2,43.0,4.24,29.1,TEX,y
Bo Bichette,2023,25,175.0,19.1,0.316,0.475,0.348,0.0,70.1,15.9,7.2,,,,,,0.0,4.52,27.1,TOR,y
Lourdes Gurriel Jr.,2023,29,144.0,17.4,0.271,0.463,0.318,1.5,69.9,4.8,7.3,0.5,-0.2,-0.2,0.1,33.0,0.0,4.5,27.1,ARI,y
Brent Rooker,2023,28,114.0,32.7,0.246,0.488,0.329,4.0,73.6,33.5,7.2,-0.7,-1.4,-0.8,-2.8,29.8,0.0,4.62,27.1,OAK,n
Randy Arozarena,2023,28,140.0,23.9,0.254,0.425,0.364,6.0,72.9,31.8,7.5,-0.6,-1.3,-0.1,-2.0,30.9,11.0,4.25,28.4,TBR,n
Spencer Steer,2023,25,158.0,20.9,0.271,0.464,0.356,2.0,71.5,11.7,7.4,-0.2,0.2,-0.1,-0.1,32.0,0.0,4.44,28.4,CIN,n
Bryan Reynolds,2023,28,151.0,21.6,0.263,0.46,0.33,0.0,70.2,10.8,6.9,-0.8,-0.4,0.4,-0.8,31.7,0.0,4.44,27.8,PIT,n
Adley Rutschman,2023,25,163.0,14.7,0.287,0.435,0.383,1.5,70.3,10.1,6.9,,,,,,0.0,4.41,27.0,BAL,y
MJ Melendez,2023,24,125.0,28.2,0.235,0.398,0.316,0.0,72.1,21.4,7.7,-1.2,-1.1,0.0,-2.0,30.9,0.0,4.25,27.6,KCR,n
Tommy Edman,2023,28,119.0,15.9,0.248,0.399,0.307,6.0,70.8,15.9,6.9,-0.2,0.5,-0.2,0.1,34.0,7.0,4.24,28.8,STL,n
Will Smith,2023,28,121.0,16.1,0.271,0.438,0.368,0.0,68.6,3.0,7.2,,,,,,0.0,4.49,27.2,LAD,y
Jack Suwinski,2023,24,100.0,32.2,0.224,0.454,0.339,0.0,73.7,35.7,7.3,-1.1,-0.8,0.3,-1.6,32.3,2.0,4.28,28.6,PIT,n
Jake Burger,2023,27,123.0,27.6,0.25,0.518,0.309,6.0,76.0,64.6,7.7,,,,,,0.0,4.44,28.0,CHW,n
Austin Hays,2023,27,143.0,24.9,0.285,0.444,0.334,0.0,71.7,13.9,7.1,-0.9,-0.7,0.5,-1.2,31.9,0.0,4.42,27.4,BAL,y
Isaac Paredes,2023,24,123.0,18.2,0.25,0.488,0.352,2.0,68.1,4.5,8.1,,,,,,0.0,4.74,26.1,TBR,n
TJ Friedl,2023,27,136.0,16.2,0.279,0.467,0.352,2.0,68.6,3.6,6.7,1.4,0.8,-2.0,0.2,33.2,6.0,4.27,28.3,CIN,n
Triston Casas,2023,23,113.0,25.1,0.263,0.49,0.367,0.0,75.8,61.4,7.8,,,,,,0.0,4.71,24.9,BOS,n
Michael Harris II,2023,22,148.0,18.7,0.303,0.477,0.34,1.5,73.7,33.7,7.9,-0.2,1.4,0.3,1.6,35.6,14.0,4.24,28.8,ATL,y
Maikel Garcia,2023,23,126.0,22.3,0.272,0.358,0.323,0.0,69.8,5.0,7.1,,,,,,6.0,4.44,28.2,KCR,n
Luis Robert Jr.,2023,25,144.0,28.9,0.264,0.542,0.315,2.0,75.9,62.6,8.0,-0.2,0.3,0.5,0.6,34.9,22.0,4.37,28.7,CHW,n
Seiya Suzuki,2023,28,147.0,22.3,0.285,0.485,0.357,0.0,72.4,30.8,7.1,0.6,1.3,-0.4,1.5,34.1,5.0,4.34,28.5,CHC,n
Josh Jung,2023,25,127.0,29.3,0.276,0.467,0.324,0.0,71.2,13.1,7.0,,,,,,0.0,4.59,26.8,TEX,y
Bobby Witt Jr.,2023,23,177.0,17.4,0.276,0.495,0.319,2.0,75.1,53.9,7.0,,,,,,149.0,4.12,30.5,KCR,n
Ezequiel Tovar,2023,21,147.0,27.0,0.253,0.408,0.287,2.0,71.9,21.4,7.5,,,,,,1.0,4.38,28.1,COL,n
Spencer Torkelson,2023,23,141.0,25.0,0.233,0.446,0.313,2.0,75.0,50.3,7.6,,,,,,0.0,4.6,27.4,DET,n
Steven Kwan,2023,25,171.0,10.4,0.268,0.37,0.34,2.0,64.1,0.2,6.4,-0.7,0.5,0.9,0.7,33.1,3.0,4.22,28.1,CLE,n
Bryson Stott,2023,25,164.0,15.6,0.29,0.419,0.338,1.5,67.9,0.7,7.0,,,,,,18.0,4.23,28.8,PHI,y
James Outman,2023,26,120.0,31.9,0.258,0.437,0.362,1.5,73.4,33.6,7.8,-0.7,0.3,0.0,-0.4,33.3,7.0,4.24,28.9,LAD,y
CJ Abrams,2023,22,138.0,19.2,0.245,0.412,0.3,2.0,71.5,20.2,7.3,,,,,,13.0,4.22,28.6,WSN,n
Corbin Carroll,2023,22,161.0,19.4,0.295,0.506,0.371,3.0,73.2,29.6,6.8,1.9,1.2,-1.5,1.6,33.7,133.0,4.08,30.1,ARI,y
Gunnar Henderson,2023,22,143.0,25.6,0.265,0.489,0.334,0.0,75.4,57.4,7.2,,,,,,9.0,4.23,28.8,BAL,y
Anthony Volpe,2023,22,113.0,27.8,0.209,0.383,0.283,2.0,70.9,9.1,7.1,,,,,,0.0,4.4,28.4,NYY,n
Andrew Vaughn,2023,25,146.0,21.0,0.258,0.429,0.314,2.0,70.2,10.4,7.6,,,,,,0.0,4.79,25.5,CHW,n
Masataka Yoshida,2023,29,155.0,14.0,0.289,0.445,0.338,0.0,71.4,19.6,7.4,-0.1,-2.1,0.0,-2.2,31.1,0.0,4.36,26.2,BOS,n
Andrew McCutchen,2024,37,104.0,25.8,0.232,0.411,0.328,0.0,72.7,25.3,7.6,,,,,,0.0,4.57,26.8,PIT,n
Justin Turner,2024,39,119.0,17.6,0.259,0.383,0.354,1.0,65.1,0.8,6.3,,,,,,0.0,4.82,25.4,TOR,n
Carlos Santana,2024,38,124.0,16.7,0.238,0.42,0.328,1.0,71.8,19.4,7.6,,,,,,0.0,4.62,25.9,MIN,n
Paul Goldschmidt,2024,36,147.0,26.5,0.245,0.414,0.302,1.0,72.5,24.3,7.8,,,,,,0.0,4.58,26.3,STL,n
Jose Altuve,2024,34,92.5,17.4,0.305,0.439,0.359,1.5,69.4,13.0,7.8,,,,,,29.0,4.33,27.1,HOU,y
Freddie Freeman,2024,34,153.0,15.7,0.292,0.476,0.387,0.0,69.8,10.1,6.8,,,,,,0.0,4.63,25.8,LAD,y
Salvador Perez,2024,34,40.0,19.8,0.271,0.456,0.33,1.0,73.2,33.4,7.9,,,,,,0.0,4.93,24.5,KCR,n
Marcell Ozuna,2024,33,183.0,24.7,0.312,0.546,0.387,0.0,74.0,42.5,7.4,,,,,,0.0,4.84,25.7,ATL,y
Marcus Semien,2024,33,154.0,14.6,0.237,0.391,0.308,1.0,68.3,4.2,7.7,,,,,,2.0,4.4,28.5,TEX,n
George Springer,2024,34,120.0,18.7,0.22,0.371,0.303,0.0,71.9,22.4,7.4,-0.1,-1.5,0.0,-1.7,31.8,1.0,4.45,28.1,TOR,n
Bryce Harper,2024,31,157.0,21.9,0.295,0.525,0.382,3.0,74.0,41.0,7.3,,,,,,0.0,4.42,27.4,PHI,y
Nolan Arenado,2024,33,157.0,14.5,0.272,0.394,0.325,2.0,70.7,12.8,8.2,,,,,,0.0,4.72,25.3,STL,n
Christian Walker,2024,33,120.0,24.1,0.251,0.468,0.335,1.0,75.0,52.7,7.5,,,,,,0.0,4.68,26.2,ARI,n
Nick Castellanos,2024,32,154.0,21.1,0.264,0.431,0.32,6.0,71.9,22.8,7.6,-0.7,-1.9,-0.1,-2.8,29.8,0.0,4.49,27.4,PHI,y
Aaron Judge,2024,32,90.0,24.3,0.332,0.701,0.467,0.0,77.1,74.8,8.2,-1.3,-2.1,0.2,-3.3,31.0,0.0,4.76,26.8,NYY,y
Manny Machado,2024,31,81.5,19.3,0.275,0.472,0.325,1.0,75.2,52.6,7.8,,,,,,0.0,4.71,25.8,SDP,n
Jurickson Profar,2024,31,79.0,15.1,0.28,0.459,0.38,1.0,71.7,22.7,7.3,-0.3,-1.9,-0.4,-2.5,30.7,0.0,4.42,26.5,SDP,n
Francisco Lindor,2024,30,169.0,18.4,0.283,0.5,0.353,1.5,72.4,23.6,7.6,,,,,,0.0,4.44,27.6,NYM,y
Josh Bell,2024,31,134.0,19.9,0.249,0.405,0.319,1.0,70.4,15.0,7.9,,,,,,0.0,4.75,25.4,MIA,n
Mookie Betts,2024,31,130.0,11.0,0.299,0.491,0.381,1.5,69.0,9.6,6.9,-0.5,-0.7,0.7,-0.5,32.2,0.0,4.5,26.7,LAD,y
Orlando Arcia,2024,29,120.0,21.3,0.228,0.354,0.28,0.0,70.9,13.5,7.9,,,,,,0.0,4.73,25.6,ATL,y
Ketel Marte,2024,30,147.0,18.2,0.292,0.56,0.372,0.0,73.7,40.6,7.6,,,,,,2.0,4.4,27.1,ARI,n
Brandon Nimmo,2024,31,128.0,23.8,0.234,0.399,0.336,1.5,73.3,34.8,7.3,-0.8,-0.6,0.4,-1.0,32.3,8.0,4.27,28.0,NYM,y
Trea Turner,2024,31,149.0,18.2,0.305,0.469,0.347,1.5,71.6,17.1,7.6,,,,,,80.0,4.22,29.6,PHI,y
Alex Bregman,2024,30,75.5,13.6,0.27,0.453,0.324,1.5,71.3,11.9,7.0,,,,,,0.0,4.55,26.7,HOU,y
Corey Seager,2024,30,132.0,18.0,0.278,0.512,0.353,0.0,72.3,20.9,6.6,,,,,,0.0,4.76,25.3,TEX,n
Jesse Winker,2024,30,109.0,20.9,0.253,0.405,0.36,1.0,69.5,7.4,7.3,-1.5,-2.2,0.4,-3.3,30.0,0.0,4.62,26.1,WSN,n
Dansby Swanson,2024,30,129.0,24.3,0.242,0.39,0.312,0.0,71.7,12.8,7.4,,,,,,2.0,4.38,27.8,CHC,n
Taylor Ward,2024,30,144.0,24.6,0.246,0.426,0.323,0.0,69.8,8.4,7.1,0.5,0.5,0.5,1.4,35.4,0.0,4.55,26.8,LAA,n
Matt Olson,2024,30,148.0,24.8,0.257,0.457,0.342,0.0,73.8,38.7,7.3,,,,,,0.0,4.73,25.5,ATL,y
Anthony Santander,2024,29,140.0,19.4,0.245,0.506,0.317,1.5,73.1,33.8,7.2,-0.9,-0.7,0.8,-0.8,32.1,0.0,4.69,26.0,BAL,y
Pete Alonso,2024,29,146.0,24.7,0.25,0.459,0.338,0.0,75.2,51.8,7.3,,,,,,0.0,4.65,26.1,NYM,y
Jorge Soler,2024,32,119.0,24.6,0.241,0.442,0.338,0.0,75.4,56.6,7.9,-0.4,-3.4,-0.1,-4.0,29.4,0.0,4.7,26.9,SFG,n
Jake Cronenworth,2024,30,69.5,18.0,0.241,0.39,0.324,1.0,69.5,6.3,7.1,,,,,,0.0,4.41,27.7,SDP,n
Cody Bellinger,2024,28,137.0,15.6,0.266,0.426,0.325,0.0,69.0,5.2,7.6,0.5,1.0,0.2,1.7,35.3,1.0,4.11,28.4,CHC,n
Ryan McMahon,2024,29,137.0,28.7,0.242,0.397,0.325,3.0,72.5,26.3,7.2,,,,,,0.0,4.66,25.9,COL,n
Willy Adames,2024,28,153.0,25.1,0.261,0.462,0.34,1.5,73.6,33.2,8.1,,,,,,0.0,4.38,27.4,MIL,y
Andrew Benintendi,2024,29,109.0,18.4,0.229,0.396,0.289,3.0,68.0,1.0,6.7,-0.3,-1.4,-0.2,-2.0,31.1,0.0,4.45,26.7,CHW,n
Rafael Devers,2024,27,71.5,24.5,0.272,0.516,0.354,1.0,72.5,27.9,7.4,,,,,,0.0,4.47,26.5,BOS,n
Josh Naylor,2024,27,137.0,16.6,0.253,0.456,0.329,0.0,72.9,32.7,7.6,,,,,,0.0,4.7,25.2,CLE,y
Gleyber Torres,2024,27,75.5,20.5,0.267,0.378,0.339,0.0,70.1,9.0,7.2,,,,,,0.0,4.56,26.6,NYY,y
Willi Castro,2024,27,138.0,23.6,0.247,0.385,0.331,0.0,70.6,15.5,7.1,0.1,0.0,-0.1,0.0,34.5,1.0,4.3,27.9,MIN,n
Bryan De La Cruz,2024,27,136.0,27.3,0.233,0.384,0.271,0.0,71.8,19.9,7.7,-0.5,-1.6,0.0,-2.2,31.2,0.0,4.53,27.5,MIA,n
Matt Chapman,2024,31,142.0,24.4,0.247,0.463,0.328,0.0,76.6,64.1,7.5,,,,,,1.0,4.4,28.7,SFG,n
Rhys Hoskins,2024,31,96.0,28.8,0.224,0.419,0.312,0.0,71.2,13.1,8.1,,,,,,0.0,4.77,25.3,MIL,y
Kyle Schwarber,2024,31,142.0,28.5,0.258,0.485,0.375,0.0,77.5,78.0,7.7,,,,,,0.0,4.56,25.8,PHI,y
Lane Thomas,2024,28,112.0,25.9,0.237,0.4,0.309,0.0,71.7,16.9,6.8,-0.4,-0.8,0.1,-1.0,33.0,32.0,4.38,29.3,WSN,n
Alex Verdugo,2024,28,65.0,15.0,0.243,0.356,0.3,0.0,68.3,7.5,6.3,0.5,0.1,-0.3,0.2,33.4,0.0,4.38,26.7,NYY,y
Shohei Ohtani,2024,29,197.0,22.2,0.32,0.646,0.399,3.0,76.3,64.1,7.7,,,,,,2.0,4.17,28.1,LAD,y
William Contreras,2024,26,167.0,20.5,0.291,0.466,0.374,1.5,74.7,50.4,7.3,,,,,,0.0,4.52,26.4,MIL,y
Daulton Varsho,2024,27,98.0,26.7,0.214,0.407,0.293,0.0,73.7,34.5,7.6,1.3,1.9,0.1,3.2,37.6,1.0,4.24,28.5,TOR,n
Nico Hoerner,2024,27,159.0,10.3,0.273,0.373,0.335,2.0,68.2,2.8,7.1,,,,,,2.0,4.32,28.4,CHC,n
Ryan Mountcastle,2024,27,128.0,22.5,0.281,0.425,0.317,0.0,75.1,50.6,7.5,,,,,,0.0,4.46,27.6,BAL,y
Jonathan India,2024,27,132.0,19.6,0.248,0.392,0.357,0.0,71.7,22.2,7.2,,,,,,4.0,4.4,28.0,CIN,n
Cal Raleigh,2024,27,120.0,28.0,0.22,0.436,0.312,2.0,74.5,45.1,7.8,,,,,,0.0,4.56,26.6,SEA,n
Matt Vierling,2024,27,133.0,21.3,0.267,0.423,0.321,1.5,71.1,11.8,7.4,-1.0,0.2,0.6,-0.3,33.7,4.0,4.43,28.8,DET,y
Tyler Stephenson,2024,27,118.0,22.7,0.258,0.444,0.338,0.0,70.8,9.4,7.4,,,,,,0.0,4.64,26.5,CIN,n
Brendan Rodgers,2024,27,134.0,24.5,0.267,0.407,0.314,0.0,71.7,25.2,7.1,,,,,,0.0,4.71,26.0,COL,n
Nathaniel Lowe,2024,28,129.0,22.1,0.265,0.401,0.361,1.0,73.3,29.3,7.3,,,,,,0.0,4.47,26.4,TEX,n
Ian Happ,2024,29,138.0,25.6,0.243,0.441,0.341,0.0,72.4,23.7,7.0,0.3,-0.8,-0.2,-0.7,32.6,0.0,4.34,27.9,CHC,n
Ty France,2024,29,112.0,21.3,0.234,0.365,0.305,0.0,71.0,14.3,7.6,,,,,,0.0,4.86,25.1,SEA,n
Alec Bohm,2024,27,155.0,14.2,0.29,0.448,0.341,0.0,72.2,21.7,7.4,,,,,,0.0,4.7,26.3,PHI,y
Vladimir Guerrero Jr.,2024,25,199.0,13.8,0.323,0.544,0.396,0.0,75.9,57.4,7.7,,,,,,0.0,4.58,27.2,TOR,n
Juan Soto,2024,25,83.0,16.7,0.298,0.569,0.428,1.5,75.4,59.2,7.3,0.9,0.2,-0.3,0.9,33.5,0.0,4.36,26.8,NYY,y
Leody Taveras,2024,25,110.0,21.2,0.229,0.352,0.289,1.0,71.3,14.8,7.5,1.4,0.8,-1.1,1.1,35.9,17.0,4.31,28.5,TEX,n
Oneil Cruz,2024,25,140.0,30.2,0.259,0.449,0.324,2.0,78.5,75.3,7.7,0.9,1.6,0.6,3.1,38.7,33.0,4.26,28.8,PIT,n
Jazz Chisholm Jr.,2024,26,144.0,24.5,0.256,0.436,0.324,1.0,71.9,23.3,7.5,0.3,0.1,0.2,0.6,35.0,20.0,4.16,28.6,MIA,n
Christopher Morel,2024,25,105.0,26.0,0.196,0.346,0.288,1.0,76.1,64.7,8.0,,,,,,1.0,4.53,27.3,CHC,n
Lourdes Gurriel Jr.,2024,30,143.0,18.3,0.279,0.435,0.322,0.0,70.6,9.5,7.5,0.8,0.3,-0.1,1.1,34.7,0.0,4.6,26.6,ARI,n
Brent Rooker,2024,29,160.0,28.8,0.293,0.562,0.365,0.0,73.7,37.2,7.1,-0.2,-1.2,-0.3,-1.6,31.6,0.0,4.53,27.6,OAK,n
Randy Arozarena,2024,29,120.0,26.1,0.219,0.388,0.332,1.0,72.7,33.4,7.4,-0.6,-1.6,0.1,-2.2,31.2,4.0,4.33,28.1,TBR,n
JJ Bleday,2024,26,139.0,19.5,0.243,0.437,0.324,1.0,71.7,16.5,7.3,-0.3,0.0,0.2,-0.1,34.4,0.0,4.4,27.6,OAK,n
Spencer Steer,2024,26,129.0,20.9,0.225,0.402,0.319,0.0,71.6,13.6,7.4,-0.3,-0.9,0.4,-0.7,32.6,0.0,4.44,28.2,CIN,n
Bryan Reynolds,2024,29,171.0,22.5,0.275,0.447,0.344,0.0,71.6,17.1,6.8,-1.3,-0.3,0.6,-1.1,32.6,0.0,4.38,28.0,PIT,n
Brice Turang,2024,24,142.0,17.0,0.264,0.349,0.325,0.0,66.2,3.4,6.1,,,,,,40.0,4.19,29.3,MIL,y
Adley Rutschman,2024,26,143.0,16.1,0.26,0.391,0.327,1.5,69.1,6.4,6.9,,,,,,0.0,4.54,26.6,BAL,y
Shea Langeliers,2024,26,108.0,27.2,0.224,0.45,0.288,1.0,74.1,42.0,7.3,,,,,,0.0,4.58,27.8,OAK,n
Will Smith,2024,29,118.0,19.3,0.258,0.433,0.336,1.5,67.9,3.1,7.2,,,,,,0.0,4.44,27.4,LAD,y
Jake Burger,2024,28,134.0,25.9,0.25,0.46,0.301,1.0,74.7,46.9,7.5,,,,,,0.0,4.42,27.9,MIA,n
Josh Smith,2024,26,135.0,20.4,0.258,0.394,0.337,1.0,70.2,6.8,6.8,,,,,,5.0,4.39,27.6,TEX,n
Yordan Alvarez,2024,27,85.0,15.0,0.318,0.567,0.401,0.0,76.5,63.0,7.6,-1.5,-3.1,1.0,-3.6,28.3,0.0,4.59,26.1,HOU,y
Isaac Paredes,2024,25,129.0,16.4,0.238,0.393,0.346,0.0,68.2,4.8,8.0,,,,,,0.0,4.8,25.9,TBR,n
Heliot Ramos,2024,24,128.0,26.1,0.269,0.469,0.322,0.0,75.2,55.2,6.9,-0.4,-0.8,-0.6,-1.7,32.1,1.0,4.45,27.9,SFG,n
Maikel Garcia,2024,24,33.25,16.5,0.231,0.332,0.281,1.0,70.8,10.8,7.2,,,,,,4.0,4.44,27.9,KCR,n
Yainer Diaz,2024,25,87.5,17.3,0.309,0.441,0.334,1.5,72.5,23.6,7.4,,,,,,0.0,4.42,27.1,HOU,y
Seiya Suzuki,2024,29,145.0,27.4,0.283,0.482,0.366,1.0,73.0,35.0,7.2,0.8,0.7,-0.5,1.0,34.9,3.0,4.34,28.3,CHC,n
Alec Burleson,2024,25,147.0,12.8,0.269,0.42,0.314,0.0,71.2,18.0,7.5,-1.3,-3.6,0.6,-4.4,29.5,0.0,4.6,25.5,STL,n
Jake Meyers,2024,28,50.5,22.8,0.229,0.36,0.295,0.0,68.6,7.9,7.0,0.3,1.2,0.4,1.9,36.5,2.0,4.36,28.9,HOU,y
Bobby Witt Jr.,2024,24,52.75,15.0,0.332,0.588,0.389,0.0,74.7,48.3,7.1,,,,,,156.0,4.1,30.5,KCR,n
Ezequiel Tovar,2024,22,176.0,28.8,0.269,0.469,0.295,2.0,71.3,18.9,7.5,,,,,,0.0,4.36,28.1,COL,n
Ceddanne Rafaela,2024,23,67.0,26.4,0.246,0.39,0.274,0.0,70.1,6.8,7.5,2.2,1.9,-0.9,3.2,37.4,2.0,4.17,28.8,BOS,n
Steven Kwan,2024,26,140.0,9.4,0.302,0.425,0.377,0.0,64.4,0.4,6.5,-0.1,1.2,0.4,1.6,34.8,0.0,4.33,27.1,CLE,y
Jarren Duran,2024,27,95.5,21.8,0.285,0.492,0.342,1.0,73.6,36.2,7.6,1.2,0.7,-0.5,1.4,35.4,63.0,4.13,29.6,BOS,n
Zack Gelof,2024,24,105.0,34.4,0.211,0.362,0.27,0.0,71.6,11.7,7.3,,,,,,13.0,4.35,28.7,OAK,n
Brendan Donovan,2024,27,163.0,12.4,0.278,0.417,0.342,0.0,69.6,7.2,6.9,0.4,-0.5,-0.1,-0.2,33.8,0.0,4.36,27.0,STL,n
Bryson Stott,2024,26,124.0,16.3,0.255,0.356,0.324,0.0,68.2,1.9,7.1,,,,,,17.0,4.19,29.1,PHI,y
Colton Cowser,2024,24,121.0,30.7,0.252,0.447,0.33,0.0,73.8,40.6,6.9,-0.7,0.5,0.3,0.1,33.5,1.0,4.23,28.2,BAL,y
Elly De La Cruz,2024,22,160.0,31.3,0.259,0.471,0.339,0.0,75.2,53.8,7.3,,,,,,81.0,4.21,30.0,CIN,n
CJ Abrams,2024,23,133.0,21.3,0.246,0.433,0.314,0.0,72.2,23.9,7.5,,,,,,7.0,4.26,28.5,WSN,n
Riley Greene,2024,23,134.0,26.7,0.272,0.479,0.357,0.0,74.7,45.8,7.2,1.8,0.5,-1.3,1.0,34.4,0.0,4.39,27.7,DET,y
Corbin Carroll,2024,23,136.0,19.0,0.231,0.428,0.322,1.0,73.7,36.9,7.0,1.8,0.5,-2.0,0.3,34.0,86.0,4.09,29.6,ARI,n
Gunnar Henderson,2024,23,177.0,22.1,0.291,0.529,0.373,0.0,76.3,64.5,7.2,,,,,,16.0,4.22,28.9,BAL,y
Anthony Volpe,2024,23,77.5,22.6,0.253,0.364,0.302,0.0,69.3,3.7,7.1,,,,,,0.0,4.31,28.6,NYY,y
Andrew Vaughn,2024,26,140.0,21.3,0.246,0.402,0.297,0.0,70.8,12.0,7.6,,,,,,0.0,4.68,26.3,CHW,n
Michael Busch,2024,26,123.0,28.6,0.248,0.44,0.335,1.0,70.3,11.3,7.3,,,,,,0.0,4.47,27.3,CHC,n
Sal Frelick,2024,24,123.0,14.9,0.269,0.335,0.329,0.0,66.3,2.6,6.9,0.0,-0.2,-0.4,-0.6,33.4,68.0,4.12,29.3,MIL,y
Vinnie Pasquantino,2024,26,32.5,12.8,0.262,0.446,0.315,0.0,71.7,19.7,7.4,,,,,,0.0,4.67,25.6,KCR,n
Brenton Doyle,2024,26,141.0,25.4,0.26,0.446,0.317,2.0,70.9,8.1,7.4,-1.4,0.9,0.9,0.4,34.8,34.0,4.34,29.3,COL,n
Zach Neto,2024,23,135.0,23.3,0.249,0.443,0.318,0.0,71.0,14.7,7.1,,,,,,1.0,4.37,28.2,LAA,n
Joey Ortiz,2024,25,105.0,20.2,0.249,0.398,0.338,1.5,73.4,35.2,7.5,,,,,,7.0,4.28,28.7,MIL,y
Colt Keith,2024,22,134.0,19.8,0.27,0.38,0.318,0.0,71.3,14.3,6.7,,,,,,0.0,4.32,27.7,DET,y
Masyn Winn,2024,22,157.0,17.1,0.267,0.416,0.314,0.0,70.2,11.5,7.3,,,,,,27.0,4.22,28.8,STL,n
Jackson Chourio,2024,20,145.0,21.1,0.285,0.464,0.336,0.0,73.2,34.0,7.4,1.2,-0.8,-0.3,0.1,33.4,84.0,4.19,29.7,MIL,y
Nolan Schanuel,2024,22,130.0,17.0,0.25,0.362,0.343,0.0,65.2,2.6,6.6,,,,,,0.0,4.47,26.4,LAA,n
Wyatt Langford,2024,22,126.0,20.6,0.253,0.415,0.325,3.0,74.5,48.3,7.0,0.6,1.3,-0.2,1.7,34.9,63.0,4.25,29.8,TEX,n
Jacob Young,2024,24,120.0,19.6,0.256,0.331,0.316,0.0,68.2,1.4,6.9,4.2,1.5,-2.8,3.0,38.0,74.0,4.2,29.7,WSN,n
Jackson Merrill,2024,21,81.0,17.0,0.292,0.5,0.326,2.0,72.2,21.6,7.5,1.7,1.1,-1.2,1.6,35.8,0.0,4.25,28.5,SDP,n
Andrew McCutchen,2025,38,114.0,21.4,0.239,0.367,0.333,0.0,71.1,12.1,7.7,,,,,,0.0,4.57,27.1,PIT,n
Paul Goldschmidt,2025,37,134.0,18.7,0.284,0.403,0.337,0.0,72.6,21.9,7.6,,,,,,0.0,4.66,26.1,NYY,y
Jose Altuve,2025,35,156.0,16.7,0.265,0.442,0.329,0.0,69.7,10.9,7.6,-0.7,-3.0,0.3,-3.5,29.2,20.0,4.44,26.9,HOU,n
Freddie Freeman,2025,35,164.0,20.4,0.305,0.502,0.376,4.5,69.9,8.4,6.9,,,,,,0.0,4.69,25.6,LAD,y
Salvador Perez,2025,35,70.5,19.5,0.236,0.446,0.284,1.0,72.9,30.5,7.9,,,,,,0.0,4.94,24.4,KCR,n
Marcell Ozuna,2025,34,113.0,24.3,0.232,0.4,0.355,2.0,72.9,31.6,7.2,,,,,,0.0,4.83,25.3,ATL,n
Marcus Semien,2025,34,108.0,17.4,0.23,0.364,0.305,2.0,68.4,5.3,7.7,,,,,,2.0,4.4,28.5,TEX,n
George Springer,2025,35,77.0,18.9,0.319,0.56,0.408,0.0,73.8,40.4,7.5,-0.6,-2.3,-0.9,-3.8,29.0,0.0,4.49,28.0,TOR,y
Mike Trout,2025,33,106.0,32.0,0.232,0.439,0.359,0.0,74.0,40.1,7.5,-1.5,0.4,0.4,-0.1,32.1,0.0,4.5,27.9,LAA,n
Bryce Harper,2025,32,131.0,20.9,0.271,0.487,0.366,0.0,74.2,44.3,7.3,,,,,,0.0,4.49,27.0,PHI,y
Christian Walker,2025,34,139.0,27.7,0.238,0.421,0.297,1.0,74.1,41.8,7.5,,,,,,0.0,4.68,26.2,HOU,n
Mike Yastrzemski,2025,34,111.0,19.4,0.233,0.403,0.333,1.0,71.2,9.6,7.5,-0.3,1.1,0.4,1.2,35.0,0.0,4.39,26.9,SFG,n
Willson Contreras,2025,33,126.0,25.2,0.257,0.447,0.344,1.0,76.0,62.1,8.0,,,,,,0.0,4.51,27.5,STL,n
Nick Castellanos,2025,33,137.0,22.6,0.26,0.4,0.303,1.5,70.5,17.0,7.7,0.0,-2.0,-0.4,-2.4,31.0,0.0,4.42,27.7,PHI,y
Aaron Judge,2025,33,179.0,23.6,0.341,0.688,0.466,1.5,77.0,71.6,8.1,-0.1,-0.1,-0.1,-0.4,32.5,0.0,4.73,27.1,NYY,y
Manny Machado,2025,32,169.0,19.3,0.275,0.46,0.335,0.0,74.5,43.0,7.8,,,,,,0.0,4.67,25.8,SDP,n
J.T. Realmuto,2025,34,129.0,23.5,0.267,0.384,0.324,0.0,72.0,26.3,7.5,,,,,,0.0,4.38,28.4,PHI,y
Christian Yelich,2025,33,151.0,25.9,0.274,0.452,0.352,1.5,73.4,35.6,7.5,0.3,-1.8,-1.3,-2.9,29.9,5.0,4.37,28.2,MIL,y
Xander Bogaerts,2025,32,129.0,17.0,0.263,0.391,0.328,0.0,72.2,26.0,7.3,,,,,,0.0,4.37,27.6,SDP,n
Jorge Polanco,2025,31,125.0,15.6,0.275,0.495,0.335,1.5,71.2,14.8,7.2,,,,,,0.0,4.35,27.1,SEA,y
Francisco Lindor,2025,31,43.0,17.9,0.267,0.466,0.346,3.0,71.0,16.4,7.5,,,,,,1.0,4.4,27.4,NYM,n
Trevor Story,2025,32,80.5,26.9,0.273,0.433,0.317,3.0,71.1,14.2,7.4,,,,,,1.0,4.37,28.6,BOS,y
Josh Bell,2025,32,111.0,16.5,0.237,0.417,0.325,0.0,73.1,34.9,8.0,,,,,,0.0,4.74,25.2,WSN,n
Mookie Betts,2025,32,152.0,10.3,0.268,0.406,0.335,1.5,69.0,8.0,7.0,,,,,,0.0,4.49,26.9,LAD,y
Ketel Marte,2025,31,136.0,14.9,0.283,0.517,0.376,0.0,74.6,45.5,7.8,,,,,,0.0,4.48,26.6,ARI,n
Brandon Nimmo,2025,32,38.5,21.6,0.262,0.436,0.324,1.0,72.3,26.5,7.2,-0.3,-0.4,0.4,-0.3,32.9,0.0,4.33,27.3,NYM,n
Trea Turner,2025,32,179.0,16.7,0.314,0.457,0.364,1.5,71.2,17.9,7.6,,,,,,117.0,4.22,30.3,PHI,y
Dansby Swanson,2025,31,144.0,26.0,0.254,0.417,0.309,0.0,70.9,5.7,7.4,,,,,,3.0,4.3,28.5,CHC,y
Carlos Correa,2025,30,148.0,19.3,0.276,0.402,0.332,0.0,73.8,37.8,7.2,,,,,,0.0,4.64,26.5,MIN,n
Byron Buxton,2025,31,129.0,27.3,0.264,0.551,0.327,0.0,75.0,50.5,7.9,-1.6,0.0,1.0,-0.6,34.8,56.0,4.13,30.2,MIN,n
Taylor Ward,2025,31,132.0,26.4,0.228,0.475,0.317,1.0,69.5,7.2,7.1,0.0,-0.4,0.1,-0.3,32.4,1.0,4.51,27.3,LAA,n
Matt Olson,2025,31,170.0,24.3,0.272,0.484,0.366,0.0,73.9,41.3,7.5,,,,,,0.0,4.73,25.2,ATL,n
Pete Alonso,2025,30,42.5,22.8,0.272,0.524,0.347,2.0,75.3,53.4,7.1,,,,,,0.0,4.8,25.3,NYM,n
Jake Cronenworth,2025,31,103.0,20.8,0.246,0.377,0.367,1.0,70.9,15.5,7.0,,,,,,0.0,4.38,28.1,SDP,n
Cody Bellinger,2025,29,160.0,13.7,0.282,0.48,0.343,0.0,70.1,6.5,7.8,-0.1,1.0,0.2,1.2,35.3,1.0,4.11,28.2,NYY,y
J.P. Crawford,2025,30,151.0,18.7,0.275,0.37,0.361,3.0,71.0,19.3,7.2,,,,,,0.0,4.54,26.7,SEA,y
Ryan McMahon,2025,30,109.0,32.3,0.214,0.381,0.312,1.0,74.0,40.1,7.4,,,,,,0.0,4.58,26.7,COL,n
Willy Adames,2025,29,133.0,26.1,0.225,0.421,0.318,1.0,72.1,19.8,8.1,,,,,,0.0,4.48,28.0,SFG,n
Ozzie Albies,2025,28,145.0,14.1,0.24,0.365,0.306,0.0,69.0,7.0,7.2,,,,,,0.0,4.25,27.2,ATL,n
Rafael Devers,2025,28,76.5,26.3,0.262,0.479,0.381,3.0,71.6,19.8,7.6,,,,,,0.0,4.62,25.0,BOS,y
Josh Naylor,2025,28,160.0,13.7,0.295,0.462,0.353,2.0,70.9,17.8,7.6,,,,,,0.0,4.86,24.4,ARI,n
Gleyber Torres,2025,28,136.0,16.1,0.266,0.387,0.367,1.5,70.2,11.8,7.2,,,,,,0.0,4.69,26.2,DET,y
Luis Rengifo,2025,28,119.0,19.2,0.238,0.335,0.287,0.0,69.5,7.3,7.1,,,,,,0.0,4.36,27.0,LAA,n
Matt Chapman,2025,32,105.0,23.6,0.231,0.43,0.34,1.0,75.0,50.8,7.5,,,,,,0.0,4.43,28.1,SFG,n
Zach McKinstry,2025,30,117.0,21.7,0.269,0.438,0.342,0.0,67.5,1.9,6.8,2.3,1.0,-1.3,2.0,36.5,0.0,4.29,28.3,DET,y
Kyle Schwarber,2025,32,145.0,27.2,0.25,0.563,0.374,0.0,77.3,77.2,7.5,,,,,,0.0,4.51,25.9,PHI,y
Gavin Sheets,2025,29,124.0,19.6,0.252,0.429,0.317,0.0,74.8,51.9,7.7,-2.1,-2.0,0.4,-3.8,29.5,0.0,4.49,27.0,SDP,n
Shohei Ohtani,2025,30,172.0,25.7,0.292,0.622,0.401,1.5,75.8,61.9,7.9,,,,,,1.0,4.2,28.0,LAD,y
William Contreras,2025,27,147.0,18.2,0.27,0.399,0.364,1.5,73.2,34.9,7.1,,,,,,1.0,4.5,26.2,MIL,y
Lars Nootbaar,2025,27,119.0,20.4,0.234,0.361,0.325,0.0,73.4,37.8,6.9,-0.9,-1.2,0.4,-1.7,31.3,0.0,4.4,27.0,STL,n
Nico Hoerner,2025,28,178.0,7.6,0.307,0.394,0.354,0.0,68.4,2.6,7.2,,,,,,9.0,4.34,28.6,CHC,y
Trevor Larnach,2025,28,126.0,21.5,0.25,0.404,0.323,0.0,72.2,23.3,7.3,-0.8,-1.7,0.2,-2.2,31.0,0.0,4.66,26.1,MIN,n
Kyle Tucker,2025,28,133.0,14.7,0.276,0.464,0.386,0.0,72.1,23.7,7.6,-0.2,-0.9,0.2,-0.9,32.1,0.0,4.53,26.5,CHC,y
Jonathan India,2025,28,58.0,18.7,0.233,0.346,0.323,1.0,72.0,23.5,7.3,-0.7,-2.3,-0.6,-3.6,29.4,0.0,4.41,28.2,KCR,n
Cal Raleigh,2025,28,147.0,26.7,0.257,0.589,0.368,0.0,75.2,54.7,7.9,,,,,,0.0,4.68,26.0,SEA,y
Trent Grisham,2025,28,116.0,23.6,0.245,0.464,0.357,0.0,71.0,11.5,7.6,1.3,-0.8,-0.8,-0.2,34.5,0.0,4.54,26.7,NYY,y
Nathaniel Lowe,2025,29,123.0,26.1,0.228,0.381,0.307,0.0,72.7,24.3,7.2,,,,,,0.0,4.51,26.2,WSN,n
Ian Happ,2025,30,138.0,22.8,0.253,0.42,0.351,3.0,71.7,17.2,6.9,-0.2,-0.5,0.4,-0.3,33.0,0.0,4.45,27.4,CHC,y
Brandon Lowe,2025,30,130.0,26.9,0.256,0.477,0.307,0.0,73.9,40.4,7.2,,,,,,0.0,4.38,26.9,TBR,n
Alec Bohm,2025,28,133.0,16.3,0.297,0.409,0.34,0.0,71.7,18.2,7.3,,,,,,0.0,4.66,26.5,PHI,y
Fernando Tatis Jr.,2025,26,159.0,18.7,0.268,0.446,0.368,2.0,74.0,42.7,7.3,-0.4,0.6,0.2,0.5,33.8,17.0,4.37,28.6,SDP,n
Vladimir Guerrero Jr.,2025,26,86.0,13.8,0.302,0.467,0.39,0.0,76.7,67.7,7.6,,,,,,0.0,4.56,26.9,TOR,y
Juan Soto,2025,26,38.0,19.2,0.263,0.525,0.396,0.0,73.6,40.9,7.0,-0.5,-1.2,0.2,-1.6,31.8,0.0,4.58,25.8,NYM,n
Oneil Cruz,2025,26,94.0,32.0,0.2,0.378,0.298,0.0,78.8,78.5,7.8,-0.6,-0.4,0.1,-0.9,33.8,42.0,4.26,29.2,PIT,n
Jazz Chisholm Jr.,2025,27,112.0,27.9,0.252,0.481,0.341,0.0,73.9,41.8,7.8,,,,,,3.0,4.29,27.6,NYY,y
Gavin Lux,2025,27,120.0,22.7,0.279,0.374,0.359,1.5,69.6,5.1,7.4,-0.5,-2.8,0.0,-3.3,31.2,0.0,4.27,27.9,CIN,y
Jo Adell,2025,26,124.0,26.4,0.236,0.485,0.293,2.0,77.6,73.4,7.7,-1.7,-2.8,0.2,-4.2,29.9,0.0,4.56,27.9,LAA,n
Bo Bichette,2025,27,90.5,14.5,0.321,0.483,0.366,0.0,69.1,9.4,7.3,,,,,,0.0,4.67,26.1,TOR,y
Lourdes Gurriel Jr.,2025,31,124.0,13.9,0.248,0.418,0.295,3.0,70.6,9.6,7.5,0.4,-0.9,0.0,-0.5,33.1,0.0,4.53,27.1,ARI,n
Brent Rooker,2025,30,164.0,22.2,0.262,0.479,0.335,0.0,73.6,35.6,7.1,-2.2,-2.1,-0.5,-4.8,28.7,0.0,4.59,27.5,ATH,n
Randy Arozarena,2025,30,146.0,26.9,0.248,0.426,0.343,3.0,72.3,29.6,7.4,-0.9,-1.4,0.3,-2.0,31.6,2.0,4.39,27.7,SEA,y
Spencer Steer,2025,27,121.0,22.7,0.248,0.411,0.321,0.0,70.9,7.1,7.4,,,,,,0.0,4.45,28.0,CIN,y
Bryan Reynolds,2025,30,144.0,26.5,0.245,0.402,0.318,0.0,72.2,22.8,6.9,-0.8,-0.9,0.5,-1.1,31.7,0.0,4.37,28.1,PIT,n
Brice Turang,2025,25,168.0,22.8,0.298,0.435,0.368,1.5,70.7,18.1,6.8,,,,,,26.0,4.18,28.9,MIL,y
Shea Langeliers,2025,27,133.0,19.7,0.277,0.536,0.325,1.0,73.8,39.6,7.2,,,,,,0.0,4.51,28.6,ATH,n
Xavier Edwards,2025,25,159.0,14.2,0.283,0.353,0.343,0.0,66.9,2.4,6.4,,,,,,8.0,4.2,28.3,MIA,n
Josh Smith,2025,27,124.0,17.8,0.251,0.366,0.335,0.0,69.1,3.7,6.7,-0.9,-0.4,0.4,-1.0,32.8,5.0,4.38,27.5,TEX,n
TJ Friedl,2025,29,151.0,16.8,0.271,0.378,0.373,0.0,69.9,5.9,6.7,0.0,-1.1,-0.3,-1.3,33.0,0.0,4.42,26.7,CIN,y
Heliot Ramos,2025,25,159.0,22.7,0.256,0.4,0.328,0.0,74.0,44.7,6.8,0.0,-0.4,-0.4,-0.9,32.7,0.0,4.44,27.5,SFG,n
Lawrence Butler,2025,24,133.0,28.4,0.234,0.404,0.306,1.0,73.8,39.3,7.1,-0.9,-0.3,0.2,-1.0,33.6,1.0,4.46,26.9,ATH,n
Michael Harris II,2025,24,152.0,20.0,0.249,0.409,0.268,0.0,74.3,40.7,8.0,0.1,0.6,0.0,0.7,35.1,10.0,4.28,28.5,ATL,n
Alejandro Kirk,2025,26,63.5,11.7,0.292,0.421,0.357,4.5,72.5,28.5,7.2,,,,,,0.0,4.88,24.3,TOR,y
Maikel Garcia,2025,25,85.0,12.6,0.286,0.449,0.351,0.0,71.9,17.1,7.3,,,,,,0.0,4.41,27.9,KCR,n
Geraldo Perdomo,2025,25,173.0,11.5,0.29,0.462,0.389,1.0,68.3,4.6,6.9,,,,,,1.0,4.46,27.2,ARI,n
Lenyn Sosa,2025,25,137.0,23.3,0.264,0.434,0.293,0.0,72.6,26.3,7.4,,,,,,0.0,4.71,26.7,CHW,n
Yainer Diaz,2025,26,139.0,16.8,0.256,0.417,0.284,1.0,72.2,21.7,7.3,,,,,,0.0,4.37,27.3,HOU,n
Seiya Suzuki,2025,30,140.0,25.2,0.255,0.478,0.335,0.0,73.4,37.1,7.2,0.7,1.0,0.1,1.7,35.6,2.0,4.35,28.4,CHC,y
Josh Jung,2025,27,121.0,25.2,0.251,0.39,0.294,1.0,70.3,5.2,7.0,,,,,,0.0,4.64,26.6,TEX,n
Ernie Clement,2025,29,75.5,10.4,0.287,0.398,0.322,1.5,67.6,2.4,7.0,,,,,,10.0,4.27,28.6,TOR,y
Alec Burleson,2025,26,144.0,14.5,0.29,0.459,0.343,1.0,72.4,29.2,7.5,-1.4,-3.0,1.1,-3.3,30.3,0.0,4.5,25.5,STL,n
Eric Wagaman,2025,27,119.0,19.5,0.25,0.378,0.296,0.0,73.4,36.6,7.1,,,,,,0.0,4.67,26.9,MIA,n
Bobby Witt Jr.,2025,25,92.0,18.2,0.295,0.501,0.351,1.0,74.3,45.1,7.0,,,,,,101.0,4.15,30.2,KCR,n
Miguel Vargas,2025,25,118.0,17.6,0.234,0.401,0.316,1.0,70.6,11.7,7.6,,,,,,0.0,4.43,27.5,CHW,n
Ceddanne Rafaela,2025,24,68.0,19.9,0.259,0.414,0.304,4.5,71.0,12.4,7.5,3.4,2.7,-1.0,5.1,39.6,18.0,4.19,29.1,BOS,y
Spencer Torkelson,2025,25,135.0,26.0,0.25,0.456,0.342,1.5,73.0,26.4,7.8,,,,,,0.0,4.68,26.7,DET,y
Matt McLain,2025,25,112.0,28.9,0.23,0.343,0.309,0.0,69.7,5.2,6.9,,,,,,20.0,4.21,29.2,CIN,y
Steven Kwan,2025,27,170.0,8.7,0.282,0.374,0.339,1.5,63.7,0.8,6.3,-0.8,0.6,0.7,0.5,34.2,2.0,4.28,27.3,CLE,y
Jarren Duran,2025,28,79.5,24.3,0.266,0.442,0.341,0.0,74.8,47.5,7.5,0.9,0.4,-0.5,0.8,33.4,13.0,4.2,29.1,BOS,y
Brendan Donovan,2025,28,132.0,13.0,0.287,0.422,0.353,0.0,69.3,4.8,6.8,-0.1,-1.4,-0.6,-2.0,31.8,0.0,4.43,26.6,STL,n
Bryson Stott,2025,27,128.0,16.3,0.267,0.391,0.337,0.0,69.4,5.7,7.2,,,,,,17.0,4.15,28.8,PHI,y
Andy Pages,2025,24,158.0,21.6,0.282,0.461,0.322,0.0,72.6,21.5,7.9,0.8,1.4,-0.1,2.1,36.2,0.0,4.4,28.1,LAD,y
Elly De La Cruz,2025,23,166.0,25.9,0.274,0.44,0.345,0.0,74.5,45.0,7.2,,,,,,42.0,4.3,29.1,CIN,y
CJ Abrams,2025,24,149.0,19.7,0.257,0.433,0.315,1.0,72.4,25.5,7.6,,,,,,1.0,4.27,28.2,WSN,n
Riley Greene,2025,24,155.0,30.7,0.268,0.493,0.322,0.0,75.6,57.2,7.3,0.8,0.0,-0.3,0.5,34.6,0.0,4.53,26.7,DET,y
Corbin Carroll,2025,24,146.0,23.8,0.259,0.541,0.343,0.0,74.7,45.6,7.3,1.7,0.5,-1.3,1.0,34.9,63.0,4.13,29.8,ARI,n
Gunnar Henderson,2025,24,158.0,21.0,0.274,0.438,0.349,0.0,75.4,53.7,7.3,,,,,,13.0,4.22,28.5,BAL,n
Anthony Volpe,2025,24,114.0,25.2,0.222,0.391,0.281,0.0,72.6,28.5,7.2,,,,,,1.0,4.36,28.3,NYY,y
Michael Busch,2025,27,137.0,23.5,0.271,0.523,0.352,0.0,69.6,7.0,7.0,,,,,,0.0,4.56,26.5,CHC,y
Sal Frelick,2025,25,152.0,13.5,0.298,0.405,0.36,0.0,68.2,5.4,7.1,0.1,0.5,-0.1,0.5,35.1,38.0,4.18,28.9,MIL,y
Vinnie Pasquantino,2025,27,82.0,15.7,0.264,0.475,0.323,0.0,72.5,26.5,7.4,,,,,,0.0,4.74,25.5,KCR,n
Brenton Doyle,2025,27,117.0,25.7,0.233,0.376,0.274,1.0,70.8,6.3,7.2,-1.2,0.7,0.9,0.4,35.1,42.0,4.32,29.5,COL,n
Brooks Lee,2025,24,115.0,17.5,0.236,0.37,0.285,3.0,69.5,9.4,7.2,,,,,,0.0,4.52,26.1,MIN,n
Zach Neto,2025,24,129.0,26.9,0.257,0.474,0.319,1.0,71.4,13.3,7.1,,,,,,0.0,4.43,28.1,LAA,n
Joey Ortiz,2025,26,108.0,14.6,0.24,0.317,0.285,0.0,72.4,24.4,7.5,,,,,,10.0,4.27,28.7,MIL,y
Jordan Beck,2025,24,139.0,29.6,0.258,0.416,0.317,0.0,73.2,32.9,7.7,-0.8,-0.2,0.1,-0.9,31.6,1.0,4.4,28.7,COL,n
Tyler Soderstrom,2025,23,155.0,22.6,0.276,0.474,0.346,1.0,74.0,38.1,7.5,0.1,0.3,0.1,0.5,34.3,0.0,4.41,27.4,ATH,n
Masyn Winn,2025,23,124.0,19.0,0.253,0.363,0.31,0.0,71.1,17.3,7.5,,,,,,7.0,4.32,28.4,STL,n
Junior Caminero,2025,21,159.0,19.1,0.264,0.535,0.311,0.0,78.6,81.3,8.4,,,,,,0.0,4.62,26.7,TBR,n
Jackson Chourio,2025,21,148.0,20.5,0.28,0.463,0.317,1.5,73.9,40.0,7.5,1.1,0.3,-0.1,1.2,35.8,63.0,4.25,29.2,MIL,y
Nolan Schanuel,2025,23,129.0,12.6,0.264,0.389,0.353,2.0,67.5,6.1,6.7,,,,,,0.0,4.56,26.0,LAA,n
Wyatt Langford,2025,23,118.0,26.4,0.241,0.431,0.344,0.0,73.1,29.0,7.0,0.2,1.0,0.2,1.4,35.6,17.0,4.32,28.9,TEX,n
James Wood,2025,22,153.0,32.1,0.256,0.475,0.35,2.0,76.0,62.7,7.7,0.7,-1.7,-1.1,-2.1,31.2,9.0,4.23,27.8,WSN,n
Hunter Goodman,2025,25,150.0,26.3,0.278,0.52,0.323,0.0,74.4,42.7,7.3,,,,,,0.0,4.57,27.2,COL,n
Ben Rice,2025,26,119.0,18.9,0.265,0.499,0.346,0.0,73.4,34.5,7.4,,,,,,0.0,4.53,27.5,NYY,y
Kyle Manzardo,2025,24,110.0,25.4,0.244,0.455,0.322,4.5,70.6,8.0,7.4,,,,,,0.0,4.62,25.4,CLE,y
Caleb Durbin,2025,25,114.0,9.9,0.266,0.387,0.343,4.5,67.9,1.9,6.8,,,,,,0.0,4.38,28.1,MIL,y
Jackson Holliday,2025,21,142.0,21.6,0.242,0.375,0.314,1.0,70.6,10.7,6.9,,,,,,4.0,4.25,28.6,BAL,n
Chase Meidroth,2025,23,114.0,14.3,0.253,0.32,0.329,0.0,67.4,1.6,6.7,,,,,,0.0,4.47,27.0,CHW,n
Jacob Wilson,2025,23,151.0,7.5,0.311,0.444,0.355,2.0,63.9,0.3,6.1,,,,,,1.0,4.51,27.0,ATH,n
Jung Hoo Lee,2025,26,149.0,11.5,0.266,0.407,0.327,1.0,68.3,2.7,7.5,-0.2,-0.3,-0.1,-0.6,34.0,0.0,4.19,28.2,SFG,n
